,region,subregion,eligible_voters_19,eligible_voters_14,voters_19,voters_14,invalid_19,invalid_14,valid_19,valid_14,afd_19,afd_14,nr,state,state_abbrev,2013,2014,2015,2016,2017,2018,_merge
0,Flensburg,1.0,70431.0,70929.0,39647.0,25350.0,237.0,176.0,39410.0,25174.0,2477.0,1583.0,100.,Schleswig-Holstein,KS,"16,41","16,4","16,21",16.17,16.21,16.24,both
1,Kiel,1.0,186195.0,188135.0,109595.0,75741.0,577.0,405.0,109018.0,75336.0,6459.0,4418.0,172.,Schleswig-Holstein,KS,"12,04","12,03","12,17",12.23,12.16,11.96,both
2,Lübeck,1.0,166530.0,167198.0,90946.0,62933.0,461.0,424.0,90485.0,62509.0,6773.0,4334.0,198.,Schleswig-Holstein,KS,"15,25","15,59","15,26",15.29,15.04,14.76,both
3,Neumünster,1.0,60215.0,60970.0,29036.0,27659.0,231.0,409.0,28805.0,27250.0,2761.0,1960.0,235.,Schleswig-Holstein,KS,"16,61","16,94","17,09",17.54,17.8,18.09,both
4,Dithmarschen,1.0,107045.0,107804.0,58244.0,42819.0,475.0,469.0,57769.0,42350.0,5121.0,2325.0,73.,Schleswig-Holstein,K,"12,52","12,8","12,43",12.78,12.78,12.84,both
5,Herzogtum Lauenburg,1.0,152666.0,150105.0,91899.0,69625.0,609.0,588.0,91290.0,69037.0,8355.0,5182.0,149.,Schleswig-Holstein,K,"10,16","10,29","9,73",10.17,10.17,10.23,both
6,Nordfriesland,1.0,131877.0,130887.0,77635.0,53913.0,446.0,419.0,77189.0,53494.0,4373.0,3038.0,243.,Schleswig-Holstein,K,"10,09","10,32","9,71",9.99,9.82,9.93,both
7,Ostholstein,1.0,165528.0,165120.0,96712.0,70141.0,723.0,618.0,95989.0,69523.0,7752.0,5439.0,268.,Schleswig-Holstein,K,"10,63","10,8","10,41",10.78,10.62,10.47,both
8,Pinneberg,1.0,239300.0,236519.0,150689.0,108214.0,1005.0,784.0,149684.0,107430.0,11681.0,7628.0,276.,Schleswig-Holstein,K,"9,67","9,64","9,53",9.57,9.6,9.62,both
9,Plön,1.0,105085.0,104325.0,66925.0,48942.0,424.0,374.0,66501.0,48568.0,4846.0,3390.0,278.,Schleswig-Holstein,K,"8,67","8,88","8,64",9.06,8.95,8.94,both
10,Rendsburg-Eckernförde,1.0,218614.0,216954.0,136614.0,99710.0,793.0,765.0,135821.0,98945.0,9206.0,6678.0,292.,Schleswig-Holstein,K,"9,16","9,17","8,99",9.26,9.41,9.38,both
11,Schleswig-Flensburg,1.0,159674.0,156854.0,95525.0,66056.0,618.0,519.0,94907.0,65537.0,5705.0,4273.0,321.,Schleswig-Holstein,K,"10,45","10,67","10,33",10.55,10.64,10.61,both
12,Segeberg,1.0,212630.0,209166.0,126584.0,88572.0,766.0,606.0,125818.0,87966.0,10296.0,6364.0,331.,Schleswig-Holstein,K,"10,11","10,08","9,68",9.97,9.86,9.82,both
13,Steinburg,1.0,104839.0,105504.0,60505.0,44391.0,387.0,382.0,60118.0,44009.0,4675.0,2563.0,343.,Schleswig-Holstein,K,"11,43","11,66","11,85",12.12,12.18,12.15,both
14,Stormarn,1.0,188732.0,186619.0,123481.0,94016.0,617.0,759.0,122864.0,93257.0,9778.0,6934.0,346.,Schleswig-Holstein,K,"7,99","7,93","7,65",7.69,7.63,7.55,both
15,Hamburg,2.0,1302548.0,1283323.0,805905.0,558277.0,9473.0,5406.0,796432.0,552871.0,51649.0,33239.0,132.,Hamburg,KS,"10,92","10,81","10,57",10.61,10.61,10.62,both
16,Braunschweig,3.0,190413.0,194345.0,122195.0,99682.0,573.0,1050.0,121622.0,98632.0,8329.0,5550.0,47.,Niedersachsen,KS,"10,62","10,47","10,22",9.87,9.61,9.67,both
17,Salzgitter,3.0,72737.0,75270.0,37215.0,34611.0,393.0,483.0,36822.0,34128.0,5519.0,1976.0,318.,Niedersachsen,KS,"12,16","12,51","12,85",12.95,13.24,13.49,both
18,Wolfsburg,3.0,89191.0,92913.0,50390.0,38340.0,324.0,254.0,50066.0,38086.0,5105.0,2512.0,393.,Niedersachsen,KS,"8,17","7,99","8,03",7.79,7.69,7.74,both
19,Gifhorn,3.0,136223.0,134817.0,82780.0,64411.0,507.0,597.0,82273.0,63814.0,8047.0,3108.0,119.,Niedersachsen,LK,"9,02","8,98","8,81",9.0,8.85,8.74,both
20,Goslar,3.0,107632.0,112117.0,62885.0,43027.0,495.0,290.0,62390.0,42737.0,6409.0,2905.0,122.,Niedersachsen,LK,"12,74","12,88","12,82",12.6,12.47,12.51,both
21,Helmstedt,3.0,73182.0,74543.0,42754.0,31577.0,326.0,284.0,42428.0,31293.0,3895.0,1688.0,145.,Niedersachsen,LK,"10,97","11,19","11,17",11.05,11.04,11.21,both
22,Northeim,3.0,107594.0,110332.0,60355.0,53172.0,361.0,561.0,59994.0,52611.0,4877.0,2894.0,247.,Niedersachsen,LK,"10,8","10,98","10,89",10.89,10.66,10.68,both
23,Peine,3.0,103605.0,102763.0,64184.0,48159.0,418.0,400.0,63766.0,47759.0,5936.0,2520.0,273.,Niedersachsen,LK,"9,78",10,"10,14",10.3,10.33,10.41,both
24,Wolfenbüttel,3.0,96324.0,97307.0,62070.0,51152.0,402.0,456.0,61668.0,50696.0,5512.0,3174.0,392.,Niedersachsen,LK,"9,13","9,22","9,19",9.25,9.1,9.09,both
25,Göttingen,3.0,253354.0,257883.0,152703.0,129655.0,745.0,1196.0,151958.0,128459.0,10309.0,6451.0,124.,Niedersachsen,LK,"9,82","9,73","9,72",9.74,9.58,9.57,both
26,Region Hannover,3.0,844533.0,850194.0,540175.0,413626.0,2752.0,3664.0,537423.0,409962.0,43422.0,23741.0,288.,Niedersachsen,LK,"12,01","11,93","11,83",11.73,11.5,11.45,both
27,Diepholz,3.0,169375.0,168403.0,105348.0,83526.0,681.0,707.0,104667.0,82819.0,7850.0,4320.0,70.,Niedersachsen,LK,"9,23","9,28","9,28",9.48,9.41,9.39,both
28,Hameln-Pyrmont,3.0,116288.0,118875.0,67945.0,58476.0,413.0,633.0,67532.0,57843.0,6648.0,3518.0,133.,Niedersachsen,LK,"12,23","12,4","12,48",12.73,12.78,12.93,both
29,Hildesheim,3.0,217020.0,219042.0,135482.0,106129.0,663.0,841.0,134819.0,105288.0,11272.0,5842.0,151.,Niedersachsen,LK,"10,98","11,07","11,03",10.97,10.8,10.65,both
30,Holzminden,3.0,55950.0,58035.0,33503.0,27290.0,372.0,349.0,33131.0,26941.0,2759.0,1277.0,157.,Niedersachsen,LK,"11,91","11,93","12,04",12.17,12.18,12.48,both
31,Nienburg (Weser),3.0,94437.0,95424.0,53561.0,41146.0,352.0,288.0,53209.0,40858.0,4601.0,1908.0,242.,Niedersachsen,LK,"10,26","10,6","10,47",10.89,10.9,10.98,both
32,Schaumburg,3.0,124384.0,125366.0,72992.0,63465.0,399.0,594.0,72593.0,62871.0,6544.0,3665.0,320.,Niedersachsen,LK,"11,54","11,58","11,7",11.76,11.79,11.71,both
33,Celle,3.0,139021.0,139565.0,83672.0,64929.0,435.0,485.0,83237.0,64444.0,9096.0,5119.0,53.,Niedersachsen,LK,"11,9","12,05","12,06",12.16,11.96,11.89,both
34,Cuxhaven,3.0,158334.0,158271.0,97886.0,72992.0,832.0,522.0,97054.0,72470.0,7845.0,3501.0,62.,Niedersachsen,LK,"10,88","10,92","10,89",10.43,10.77,10.73,both
35,Harburg,3.0,199955.0,195893.0,132929.0,102313.0,828.0,1070.0,132101.0,101243.0,11358.0,9038.0,135.,Niedersachsen,LK,"8,12","8,07","7,92",8.01,7.93,7.94,both
36,Lüchow-Dannenberg,3.0,39160.0,39602.0,23088.0,20974.0,147.0,280.0,22941.0,20694.0,1710.0,1028.0,199.,Niedersachsen,LK,"11,55","11,51","10,94",11.46,11.54,11.98,both
37,Lüneburg,3.0,142507.0,139750.0,95397.0,74254.0,666.0,740.0,94731.0,73514.0,7151.0,4411.0,203.,Niedersachsen,LK,"9,97","9,96","9,71",9.7,9.47,9.46,both
38,Osterholz,3.0,90731.0,89145.0,56826.0,44314.0,310.0,354.0,56516.0,43960.0,4550.0,2538.0,267.,Niedersachsen,LK,"8,78","8,79","8,86",8.84,8.55,8.42,both
39,Rotenburg (Wümme),3.0,129318.0,128196.0,80401.0,71135.0,456.0,669.0,79945.0,70466.0,5814.0,2990.0,307.,Niedersachsen,LK,"9,44","9,39","9,28",9.33,9.29,9.19,both
40,Heidekreis,3.0,108608.0,109018.0,64342.0,55676.0,406.0,664.0,63936.0,55012.0,5766.0,3020.0,139.,Niedersachsen,LK,"10,84","10,97","10,8",11.0,10.92,10.98,both
41,Stade,3.0,157508.0,155555.0,98083.0,74562.0,593.0,620.0,97490.0,73942.0,8245.0,4572.0,341.,Niedersachsen,LK,"9,1","9,16","9,07",9.28,9.28,9.3,both
42,Uelzen,3.0,74964.0,75619.0,46290.0,37733.0,375.0,332.0,45915.0,37401.0,4038.0,2226.0,361.,Niedersachsen,LK,"11,6","11,87","11,8",11.9,11.77,11.88,both
43,Verden,3.0,105973.0,104680.0,68058.0,55868.0,498.0,435.0,67560.0,55433.0,5242.0,2915.0,367.,Niedersachsen,LK,"8,99","8,99","8,89",8.99,8.94,8.8,both
44,Delmenhorst,3.0,56279.0,57777.0,29611.0,25765.0,259.0,368.0,29352.0,25397.0,3480.0,1645.0,68.,Niedersachsen,KS,"15,53","15,59","15,46",15.32,15.34,15.57,both
45,Emden,3.0,37967.0,38973.0,22907.0,14006.0,333.0,123.0,22574.0,13883.0,2134.0,661.0,87.,Niedersachsen,KS,"13,57","13,91","13,81",13.86,13.8,14.03,both
46,Oldenburg (Oldenburg),3.0,129795.0,126358.0,84221.0,59915.0,388.0,338.0,83833.0,59577.0,4379.0,3320.0,260.,Niedersachsen,KS,"11,25","10,98","10,94",10.84,10.6,10.4,both
47,Osnabrück,3.0,123608.0,120658.0,79178.0,61488.0,393.0,501.0,78785.0,60987.0,3780.0,2530.0,263.,Niedersachsen,LK,"8,63","8,69","8,65",8.54,8.4,8.52,both
48,Osnabrück,3.0,123608.0,120658.0,79178.0,61488.0,393.0,501.0,78785.0,60987.0,3780.0,2530.0,264.,Niedersachsen,KS,"11,28","11,39","11,04",11.29,11.06,11.16,both
49,Osnabrück,3.0,272973.0,271647.0,171071.0,143832.0,1109.0,1134.0,169962.0,142698.0,9553.0,5135.0,263.,Niedersachsen,LK,"8,63","8,69","8,65",8.54,8.4,8.52,both
50,Osnabrück,3.0,272973.0,271647.0,171071.0,143832.0,1109.0,1134.0,169962.0,142698.0,9553.0,5135.0,264.,Niedersachsen,KS,"11,28","11,39","11,04",11.29,11.06,11.16,both
51,Wilhelmshaven,3.0,61706.0,64170.0,32937.0,24125.0,315.0,219.0,32622.0,23906.0,3021.0,1662.0,389.,Niedersachsen,KS,"16,22","16,74","16,8",16.9,17.03,17.07,both
52,Ammerland,3.0,97566.0,95337.0,63255.0,46951.0,463.0,569.0,62792.0,46382.0,4419.0,2960.0,12.,Niedersachsen,LK,"8,84","8,83","8,6",8.58,8.39,8.29,both
53,Aurich,3.0,153372.0,152222.0,92401.0,77325.0,1377.0,1502.0,91024.0,75823.0,8282.0,3358.0,20.,Niedersachsen,LK,"10,6","10,62","10,47",10.64,10.67,10.74,both
54,Cloppenburg,3.0,120227.0,117936.0,66148.0,59731.0,407.0,643.0,65741.0,59088.0,4903.0,2187.0,56.,Niedersachsen,LK,"9,11","9,16","9,13",9.34,9.33,9.57,both
55,Emsland,3.0,239069.0,236116.0,150178.0,121346.0,991.0,843.0,149187.0,120503.0,8120.0,3703.0,89.,Niedersachsen,LK,"8,35","8,49","8,51",8.85,8.86,8.95,both
56,Friesland,3.0,81384.0,80352.0,50517.0,39529.0,527.0,579.0,49990.0,38950.0,3873.0,2331.0,109.,Niedersachsen,LK,"10,04","10,03","9,96",10.03,10.14,9.93,both
57,Grafschaft Bentheim,3.0,97968.0,97142.0,65766.0,49591.0,427.0,294.0,65339.0,49297.0,3088.0,1361.0,125.,Niedersachsen,LK,"8,42","8,57","8,69",8.7,8.72,8.65,both
58,Leer,3.0,131488.0,129177.0,73354.0,63222.0,640.0,1117.0,72714.0,62105.0,6572.0,3287.0,189.,Niedersachsen,LK,"10,67","10,68","10,52",10.66,10.62,10.75,both
59,Oldenburg,3.0,101026.0,99395.0,63567.0,54677.0,287.0,534.0,63280.0,54143.0,4914.0,3321.0,259.,Niedersachsen,LK,"8,92","8,95","8,85",8.81,8.59,8.52,both
60,Vechta,3.0,101152.0,99942.0,65089.0,51475.0,367.0,415.0,64722.0,51060.0,3927.0,1793.0,366.,Niedersachsen,LK,"7,94","7,98","8,12",8.15,8.14,8.34,both
61,Wesermarsch,3.0,69579.0,70534.0,37953.0,29868.0,294.0,305.0,37659.0,29563.0,2973.0,1614.0,385.,Niedersachsen,LK,"11,1","11,27","11,17",11.27,11.25,11.14,both
62,Wittmund,3.0,46072.0,45632.0,24414.0,21812.0,232.0,315.0,24182.0,21497.0,2118.0,1067.0,391.,Niedersachsen,LK,"10,51","10,6","10,49",10.75,10.55,10.57,both
63,Bremen,4.0,390038.0,400711.0,254481.0,166340.0,3115.0,1159.0,251366.0,165181.0,17977.0,9512.0,49.,Bremen,KS,"12,67","12,69","12,76",12.67,12.6,12.51,both
64,Bremerhaven,4.0,80172.0,83017.0,41806.0,28689.0,812.0,307.0,40994.0,28382.0,4473.0,1693.0,50.,Bremen,KS,"19,84","20,41","20,82",20.8,20.79,21.22,both
65,Düsseldorf,5.0,414530.0,415747.0,263153.0,223845.0,1417.0,2483.0,261736.0,221362.0,18079.0,12533.0,80.,Nordrhein-Westfalen,KS,"12,47","12,4","12,35",12.31,12.12,12.09,both
66,Duisburg,5.0,325373.0,336313.0,162888.0,143261.0,1549.0,1944.0,161339.0,141317.0,19359.0,10157.0,78.,Nordrhein-Westfalen,KS,"15,36","15,86","16,2",16.64,17.08,17.2,both
67,Essen,5.0,416106.0,428584.0,246269.0,203073.0,1877.0,2118.0,244392.0,200955.0,26304.0,12010.0,97.,Nordrhein-Westfalen,KS,"12,8","13,15","12,95",13.59,13.76,13.96,both
68,Krefeld,5.0,162065.0,165558.0,93883.0,79988.0,776.0,1143.0,93107.0,78845.0,7248.0,4623.0,178.,Nordrhein-Westfalen,KS,"14,48","14,8","14,96",15.03,15.09,15.05,both
69,Mönchengladbach,5.0,188522.0,192506.0,103352.0,86904.0,982.0,1377.0,102370.0,85527.0,8868.0,4374.0,226.,Nordrhein-Westfalen,KS,"15,81","15,83","15,85",16.01,16.12,16.36,both
70,Mülheim an der Ruhr,5.0,123207.0,125981.0,77168.0,65994.0,572.0,916.0,76596.0,65078.0,7396.0,4724.0,228.,Nordrhein-Westfalen,KS,"10,61","10,91","11,16",11.41,11.62,11.61,both
71,Oberhausen,5.0,150624.0,155439.0,82902.0,70811.0,851.0,1230.0,82051.0,69581.0,10010.0,4090.0,252.,Nordrhein-Westfalen,KS,"13,53","13,98","14,7",15.09,15.17,15.19,both
72,Remscheid,5.0,77129.0,79005.0,43470.0,36218.0,455.0,583.0,43015.0,35635.0,4254.0,2108.0,290.,Nordrhein-Westfalen,KS,"13,51","13,58","13,52",13.98,13.89,14.1,both
73,Solingen,5.0,112713.0,113987.0,64681.0,53495.0,496.0,718.0,64185.0,52777.0,5869.0,3109.0,335.,Nordrhein-Westfalen,KS,"13,53","14,18","14,27",14.48,14.57,14.85,both
74,Wuppertal,5.0,238998.0,245963.0,140535.0,118361.0,1050.0,1352.0,139485.0,117009.0,13628.0,7052.0,396.,Nordrhein-Westfalen,KS,"17,89","17,77","17,97",18.08,18.38,18.42,both
75,Kleve,5.0,227070.0,227084.0,136898.0,119292.0,1125.0,1825.0,135773.0,117467.0,8693.0,5358.0,174.,Nordrhein-Westfalen,K,"10,21","10,46","10,38",10.58,10.45,10.57,both
76,Mettmann,5.0,367255.0,370957.0,234389.0,201473.0,1810.0,2714.0,232579.0,198759.0,20603.0,13114.0,221.,Nordrhein-Westfalen,K,"9,89","10,04","10,28",10.3,10.3,10.32,both
77,Rhein-Kreis Neuss,5.0,334970.0,334173.0,211310.0,175598.0,1588.0,1986.0,209722.0,173612.0,16801.0,9916.0,298.,Nordrhein-Westfalen,K,"10,52","10,79","10,68",10.73,10.52,10.62,both
78,Viersen,5.0,228023.0,228136.0,141515.0,120707.0,1125.0,1612.0,140390.0,119095.0,9873.0,6179.0,368.,Nordrhein-Westfalen,K,"10,41","10,3","10,19",10.34,10.27,10.23,both
79,Wesel,5.0,356669.0,360478.0,218516.0,190119.0,1807.0,3004.0,216709.0,187115.0,19658.0,9844.0,384.,Nordrhein-Westfalen,K,"9,5","9,61","9,7",9.96,9.98,10.07,both
80,Bonn,5.0,228055.0,227483.0,158398.0,136146.0,748.0,1592.0,157650.0,134554.0,9418.0,7848.0,42.,Nordrhein-Westfalen,KS,"9,38","9,24","9,22",9.11,9.0,8.87,both
81,Köln,5.0,740448.0,729081.0,478587.0,387748.0,2527.0,3759.0,476060.0,383989.0,29372.0,21176.0,176.,Nordrhein-Westfalen,KS,"11,8","11,75","11,85",11.84,11.78,11.67,both
82,Leverkusen,5.0,116207.0,117710.0,69726.0,57450.0,580.0,736.0,69146.0,56714.0,6510.0,3768.0,192.,Nordrhein-Westfalen,KS,"11,15","11,3","11,67",11.76,11.77,11.89,both
83,Düren,5.0,199697.0,200004.0,120531.0,107570.0,1259.0,1814.0,119272.0,105756.0,11541.0,5533.0,79.,Nordrhein-Westfalen,K,"11,53","11,75","11,75",11.91,11.91,11.98,both
84,Rhein-Erft-Kreis,5.0,346326.0,345437.0,220996.0,180617.0,1807.0,2557.0,219189.0,178060.0,20340.0,9048.0,294.,Nordrhein-Westfalen,K,"10,84","10,96","11,23",11.31,11.37,11.4,both
85,Euskirchen,5.0,151478.0,148868.0,92833.0,78817.0,889.0,1278.0,91944.0,77539.0,8877.0,4409.0,99.,Nordrhein-Westfalen,K,"10,86","10,9","10,87",11.03,11.04,11.03,both
86,Heinsberg,5.0,191077.0,189213.0,112550.0,102648.0,1176.0,2100.0,111374.0,100548.0,9358.0,4404.0,144.,Nordrhein-Westfalen,K,"11,29","11,49","11,42",11.59,11.6,11.66,both
87,Oberbergischer Kreis,5.0,207897.0,209600.0,126841.0,113900.0,1184.0,1703.0,125657.0,112197.0,11601.0,6387.0,251.,Nordrhein-Westfalen,K,10,"10,29","10,36",10.41,10.28,10.23,both
88,Rheinisch-Bergischer Kreis,5.0,218103.0,217229.0,148330.0,125455.0,866.0,1233.0,147464.0,124222.0,10646.0,7633.0,297.,Nordrhein-Westfalen,K,"8,77","8,87","8,94",9.04,9.04,9.03,both
89,Rhein-Sieg-Kreis,5.0,455483.0,449917.0,300253.0,262151.0,2237.0,3395.0,298016.0,258756.0,24211.0,15145.0,302.,Nordrhein-Westfalen,K,"8,96","8,96","8,97",9.0,8.85,8.84,both
90,Bottrop,5.0,87999.0,89473.0,52298.0,44529.0,495.0,590.0,51803.0,43939.0,6387.0,2472.0,45.,Nordrhein-Westfalen,KS,"11,09","11,48","11,79",11.72,11.77,11.73,both
91,Gelsenkirchen,5.0,172667.0,180811.0,88496.0,81747.0,853.0,1420.0,87643.0,80327.0,14398.0,6131.0,115.,Nordrhein-Westfalen,KS,"16,23","16,78","16,72",17.67,17.76,17.88,both
92,Münster,5.0,234502.0,230294.0,172718.0,142460.0,653.0,1174.0,172065.0,141286.0,6883.0,5819.0,231.,Nordrhein-Westfalen,KS,"8,53","8,32","8,39",8.52,8.42,8.54,both
93,Borken,5.0,278982.0,276875.0,181446.0,155070.0,997.0,1902.0,180449.0,153168.0,9778.0,5204.0,44.,Nordrhein-Westfalen,K,"8,79","8,83","8,69",8.66,8.59,8.63,both
94,Coesfeld,5.0,173128.0,171164.0,120049.0,102969.0,643.0,1050.0,119406.0,101919.0,6513.0,3782.0,60.,Nordrhein-Westfalen,K,"7,4","7,4","7,39",7.37,7.2,7.19,both
95,Recklinghausen,5.0,469806.0,479057.0,274015.0,236191.0,2259.0,3756.0,271756.0,232435.0,31144.0,12918.0,284.,Nordrhein-Westfalen,K,"12,18","12,55","12,8",12.84,12.99,13.15,both
96,Steinfurt,5.0,340622.0,338268.0,221206.0,194990.0,1366.0,2730.0,219840.0,192260.0,12331.0,6251.0,344.,Nordrhein-Westfalen,K,"8,85","8,93","8,93",8.93,8.81,8.81,both
97,Warendorf,5.0,209212.0,210359.0,135952.0,120687.0,923.0,1678.0,135029.0,119009.0,9035.0,4738.0,376.,Nordrhein-Westfalen,K,"8,74","8,9","8,97",9.03,8.95,8.95,both
98,Bielefeld,5.0,237243.0,238932.0,151344.0,127375.0,1114.0,1609.0,150230.0,125766.0,11498.0,6272.0,37.,Nordrhein-Westfalen,KS,"11,5","11,42","10,94",11.45,11.35,11.35,both
99,Gütersloh,5.0,263291.0,262976.0,164120.0,141757.0,1124.0,2150.0,162996.0,139607.0,12505.0,6716.0,129.,Nordrhein-Westfalen,K,"8,89","8,86","8,88",8.83,8.7,8.69,both
100,Herford,5.0,191048.0,193351.0,113252.0,102072.0,865.0,1621.0,112387.0,100451.0,11158.0,5766.0,146.,Nordrhein-Westfalen,K,"10,62","10,79","10,8",10.82,10.78,10.9,both
101,Höxter,5.0,111469.0,113628.0,69376.0,65911.0,603.0,1239.0,68773.0,64672.0,5650.0,2924.0,158.,Nordrhein-Westfalen,K,"8,03","8,15","8,18",8.36,8.42,8.57,both
102,Lippe,5.0,267750.0,271166.0,164091.0,146244.0,1464.0,2445.0,162627.0,143799.0,15680.0,7894.0,196.,Nordrhein-Westfalen,K,"9,56","9,74","9,85",9.89,9.74,10.01,both
103,Minden-Lübbecke,5.0,240181.0,243588.0,141876.0,123748.0,1074.0,1974.0,140802.0,121774.0,12816.0,6437.0,224.,Nordrhein-Westfalen,K,10,"10,08","10,18",10.26,10.2,10.34,both
104,Paderborn,5.0,230946.0,227655.0,139286.0,119851.0,994.0,1606.0,138292.0,118245.0,11131.0,5932.0,270.,Nordrhein-Westfalen,K,"9,13","9,16","9,07",9.05,9.07,9.19,both
105,Bochum,5.0,271416.0,279538.0,165855.0,140112.0,1364.0,1803.0,164491.0,138309.0,15598.0,7878.0,40.,Nordrhein-Westfalen,KS,"11,97","12,23","12,33",12.56,12.46,12.6,both
106,Dortmund,5.0,412595.0,420999.0,241207.0,199861.0,1679.0,3146.0,239528.0,196715.0,22013.0,11693.0,76.,Nordrhein-Westfalen,KS,"14,01","14,26","14,3",14.46,14.44,14.44,both
107,Hagen,5.0,130560.0,135884.0,72691.0,65301.0,641.0,1037.0,72050.0,64264.0,9077.0,4058.0,130.,Nordrhein-Westfalen,KS,"14,92","15,03","15,58",16.06,15.86,16.34,both
108,Hamm,5.0,125696.0,127995.0,72575.0,68038.0,601.0,1365.0,71974.0,66673.0,7847.0,2980.0,134.,Nordrhein-Westfalen,KS,"14,15","14,57","14,3",15.13,14.9,14.89,both
109,Herne,5.0,110657.0,114782.0,59376.0,50556.0,647.0,792.0,58729.0,49764.0,7776.0,3224.0,147.,Nordrhein-Westfalen,KS,"16,04","16,6","17,07",17.61,17.85,18.06,both
110,Ennepe-Ruhr-Kreis,5.0,251943.0,256497.0,156316.0,134030.0,1202.0,1781.0,155114.0,132249.0,14231.0,7832.0,90.,Nordrhein-Westfalen,K,"10,66","10,81","10,89",10.94,10.95,11.04,both
111,Hochsauerlandkreis,5.0,201504.0,205528.0,125070.0,113822.0,808.0,1772.0,124262.0,112050.0,9206.0,5111.0,152.,Nordrhein-Westfalen,K,"10,37","10,4","10,24",10.24,10.1,10.13,both
112,Märkischer Kreis,5.0,302136.0,311957.0,170134.0,146283.0,1480.0,2116.0,168654.0,144167.0,16988.0,9394.0,214.,Nordrhein-Westfalen,K,"12,4","12,63","12,81",12.86,12.78,12.82,both
113,Olpe,5.0,102295.0,103744.0,64922.0,56226.0,454.0,683.0,64468.0,55543.0,4728.0,3278.0,261.,Nordrhein-Westfalen,K,"8,91","8,96","8,79",8.64,8.51,8.64,both
114,Siegen-Wittgenstein,5.0,211301.0,215420.0,130012.0,115233.0,983.0,1717.0,129029.0,113516.0,13427.0,7179.0,332.,Nordrhein-Westfalen,K,"9,1","9,25","9,27",9.36,9.28,9.44,both
115,Soest,5.0,232462.0,232293.0,140546.0,123332.0,875.0,1794.0,139671.0,121538.0,11331.0,6002.0,334.,Nordrhein-Westfalen,K,"10,3","10,49","10,57",10.61,10.31,10.25,both
116,Unna,5.0,304843.0,309601.0,181778.0,158808.0,1557.0,2336.0,180221.0,156472.0,17690.0,8491.0,363.,Nordrhein-Westfalen,K,"11,26","11,43","11,51",11.68,11.68,11.8,both
117,Darmstadt,6.0,107437.0,105493.0,71045.0,51129.0,410.0,439.0,70635.0,50690.0,4569.0,3451.0,65.,Hessen,KS,"9,23","8,93","8,97",8.98,8.88,8.7,both
118,Frankfurt am Main,6.0,429856.0,418278.0,258304.0,186201.0,1371.0,1446.0,256933.0,184755.0,17316.0,14716.0,104.,Hessen,KS,"11,04","10,9","10,9",10.75,10.58,10.74,both
119,Offenbach am Main,6.0,67788.0,66880.0,34927.0,24839.0,320.0,319.0,34607.0,24520.0,3500.0,2344.0,258.,Hessen,KS,"18,61","18,04","18,01",17.79,17.42,17.42,both
120,Wiesbaden,6.0,188034.0,189820.0,111027.0,78728.0,975.0,643.0,110052.0,78085.0,9667.0,7161.0,388.,Hessen,KS,"16,18","16,27","16,01",16.77,16.66,17.02,both
121,Bergstraße,6.0,198695.0,200057.0,120229.0,90704.0,1364.0,1519.0,118865.0,89185.0,13356.0,7904.0,33.,Hessen,LK,"8,84","8,89","8,9",8.95,8.83,8.86,both
122,Darmstadt-Dieburg,6.0,215429.0,213600.0,136397.0,97400.0,1647.0,1456.0,134750.0,95944.0,12508.0,7940.0,66.,Hessen,LK,"8,31","8,39","8,45",8.64,8.58,8.55,both
123,Groß-Gerau,6.0,176014.0,175171.0,100854.0,73713.0,1180.0,1148.0,99674.0,72565.0,10435.0,6600.0,127.,Hessen,LK,"9,29","9,37","9,5",9.57,9.51,9.61,both
124,Hochtaunuskreis,6.0,164348.0,165167.0,107046.0,83370.0,636.0,799.0,106410.0,82571.0,9165.0,8896.0,153.,Hessen,LK,"7,07","7,11","7,17",7.19,7.09,7.03,both
125,Main-Kinzig-Kreis,6.0,299123.0,300763.0,168204.0,120109.0,1925.0,1847.0,166279.0,118262.0,20729.0,12553.0,205.,Hessen,LK,"9,85","10,02","10,02",10.18,10.16,10.04,both
126,Main-Taunus-Kreis,6.0,165816.0,166024.0,106307.0,82454.0,826.0,920.0,105481.0,81534.0,9479.0,9551.0,208.,Hessen,LK,"6,88","6,91","7,08",7.1,7.23,7.21,both
127,Odenwaldkreis,6.0,70869.0,72044.0,39925.0,31232.0,598.0,618.0,39327.0,30614.0,4560.0,2852.0,255.,Hessen,LK,"9,55","9,66","9,84",9.92,9.88,9.9,both
128,Offenbach,6.0,238715.0,239582.0,142756.0,103416.0,1431.0,1338.0,141325.0,102078.0,14225.0,9763.0,257.,Hessen,LK,"9,06","9,02","9,11",9.16,9.16,9.19,both
129,Rheingau-Taunus-Kreis,6.0,138642.0,138630.0,89677.0,64250.0,930.0,745.0,88747.0,63505.0,8663.0,6097.0,295.,Hessen,LK,"7,77","7,89","7,99",8.13,8.1,8.14,both
130,Wetteraukreis,6.0,225720.0,224655.0,131970.0,90437.0,1423.0,1032.0,130547.0,89405.0,13745.0,8898.0,387.,Hessen,LK,"9,75","9,92","9,87",9.88,9.77,10.07,both
131,Gießen,6.0,200804.0,198130.0,115449.0,81310.0,1061.0,1018.0,114388.0,80292.0,11064.0,6914.0,118.,Hessen,LK,"9,23","9,24","9,22",9.0,8.98,9.12,both
132,Lahn-Dill-Kreis,6.0,189854.0,192664.0,99745.0,64892.0,1108.0,723.0,98637.0,64169.0,11847.0,5574.0,183.,Hessen,LK,"9,29","9,45","9,54",9.53,9.51,9.45,both
133,Limburg-Weilburg,6.0,128963.0,130500.0,71311.0,50251.0,781.0,581.0,70530.0,49670.0,7821.0,5053.0,194.,Hessen,LK,"10,35","10,41","10,67",10.86,11.04,11.17,both
134,Marburg-Biedenkopf,6.0,183183.0,185360.0,104228.0,72844.0,689.0,765.0,103539.0,72079.0,9621.0,5397.0,213.,Hessen,LK,8,"8,01","8,13",8.16,8.04,8.11,both
135,Vogelsbergkreis,6.0,84549.0,86636.0,47658.0,36194.0,647.0,706.0,47011.0,35488.0,5823.0,3369.0,369.,Hessen,LK,"8,41","8,87",9,9.22,9.27,9.7,both
136,Kassel,6.0,140438.0,142751.0,77652.0,57059.0,663.0,592.0,76989.0,56467.0,5747.0,4560.0,167.,Hessen,LK,"9,06","9,16","9,19",9.3,9.26,9.28,both
137,Kassel,6.0,140438.0,142751.0,77652.0,57059.0,663.0,592.0,76989.0,56467.0,5747.0,4560.0,168.,Hessen,KS,"16,32","16,62","16,47",16.37,15.85,15.7,both
138,Kassel,6.0,188527.0,190823.0,106538.0,78845.0,1478.0,1485.0,105060.0,77360.0,10021.0,7277.0,167.,Hessen,LK,"9,06","9,16","9,19",9.3,9.26,9.28,both
139,Kassel,6.0,188527.0,190823.0,106538.0,78845.0,1478.0,1485.0,105060.0,77360.0,10021.0,7277.0,168.,Hessen,KS,"16,32","16,62","16,47",16.37,15.85,15.7,both
140,Fulda,6.0,169880.0,169360.0,97074.0,66281.0,1004.0,837.0,96070.0,65444.0,12312.0,5860.0,110.,Hessen,LK,"7,52","7,6","7,65",7.77,7.71,7.7,both
141,Hersfeld-Rotenburg,6.0,93123.0,96421.0,51375.0,37534.0,671.0,509.0,50704.0,37025.0,6717.0,3651.0,148.,Hessen,LK,"9,11","9,19","9,36",9.47,9.4,9.41,both
142,Schwalm-Eder-Kreis,6.0,142375.0,145071.0,79752.0,62701.0,1114.0,1549.0,78638.0,61152.0,8703.0,5466.0,325.,Hessen,LK,"9,65","9,8","9,81",10.04,10.02,10.06,both
143,Waldeck-Frankenberg,6.0,122990.0,126068.0,64235.0,46887.0,627.0,582.0,63608.0,46305.0,6481.0,3663.0,374.,Hessen,LK,"9,71","9,88","9,97",9.97,9.84,9.79,both
144,Werra-Meißner-Kreis,6.0,80896.0,83046.0,45003.0,35088.0,656.0,698.0,44347.0,34390.0,4720.0,2996.0,383.,Hessen,LK,"10,92","11,17","11,34",11.56,11.42,11.61,both
145,Koblenz,7.0,83969.0,84878.0,51017.0,41846.0,542.0,535.0,50475.0,41311.0,3736.0,2741.0,175.,Rheinland-Pfalz,KS,"12,73","12,68","12,17",12.61,12.58,12.45,both
146,Ahrweiler,7.0,101203.0,100539.0,66724.0,57741.0,883.0,1104.0,65841.0,56637.0,5224.0,4093.0,2.,Rheinland-Pfalz,LK,"8,72","8,6","8,32",8.61,8.65,8.67,both
147,Altenkirchen (Westerwald),7.0,100084.0,101504.0,60892.0,56088.0,954.0,1191.0,59938.0,54897.0,5820.0,3386.0,6.,Rheinland-Pfalz,LK,"11,43","11,58","11,09",11.57,11.49,11.56,both
148,Bad Kreuznach,7.0,120062.0,121149.0,76655.0,70980.0,1389.0,1708.0,75266.0,69272.0,7705.0,4583.0,23.,Rheinland-Pfalz,LK,"10,11","10,2","9,96",9.99,9.93,9.95,both
149,Birkenfeld,7.0,63925.0,66293.0,37437.0,35126.0,846.0,1070.0,36591.0,34056.0,3964.0,2209.0,38.,Rheinland-Pfalz,LK,"10,26","10,52","10,44",10.75,10.79,10.84,both
150,Cochem-Zell,7.0,48692.0,49773.0,33505.0,31627.0,784.0,1018.0,32721.0,30609.0,2504.0,2100.0,59.,Rheinland-Pfalz,LK,"7,69","7,66","7,53",8.05,8.21,8.43,both
151,Mayen-Koblenz,7.0,166494.0,166771.0,103595.0,92494.0,1666.0,1977.0,101929.0,90517.0,8675.0,5467.0,216.,Rheinland-Pfalz,LK,"9,82","9,84","9,71",9.94,10.03,10.02,both
152,Neuwied,7.0,138233.0,138629.0,85529.0,75190.0,1172.0,1394.0,84357.0,73796.0,7703.0,5476.0,241.,Rheinland-Pfalz,LK,"10,69","10,8","10,72",10.84,10.95,10.86,both
153,Rhein-Hunsrück-Kreis,7.0,80638.0,81316.0,54996.0,50220.0,1040.0,1287.0,53956.0,48933.0,4763.0,2751.0,296.,Rheinland-Pfalz,LK,"8,18","8,33","8,16",8.56,8.46,8.45,both
154,Rhein-Lahn-Kreis,7.0,94896.0,96743.0,62471.0,56918.0,1132.0,1365.0,61339.0,55553.0,5778.0,4180.0,299.,Rheinland-Pfalz,LK,"10,03","10,28","10,32",10.95,10.87,10.79,both
155,Westerwaldkreis,7.0,154465.0,154995.0,100878.0,91273.0,1719.0,2303.0,99159.0,88970.0,9443.0,5578.0,386.,Rheinland-Pfalz,LK,"10,77","10,94","10,66",11.01,10.98,10.91,both
156,Trier,7.0,80431.0,81791.0,48513.0,39723.0,495.0,550.0,48018.0,39173.0,3223.0,2298.0,356.,Rheinland-Pfalz,KS,"10,14","10,12","10,11",10.19,9.94,10.52,both
157,Bernkastel-Wittlich,7.0,86098.0,87851.0,56022.0,52323.0,1166.0,1698.0,54856.0,50625.0,4197.0,2642.0,35.,Rheinland-Pfalz,LK,8,"8,15","7,95",8.41,8.36,8.49,both
158,Eifelkreis Bitburg-Prüm,7.0,72189.0,73408.0,50043.0,46126.0,1222.0,1659.0,48821.0,44467.0,3355.0,1989.0,84.,Rheinland-Pfalz,LK,"7,72","7,7","7,13",7.92,8.15,8.45,both
159,Vulkaneifel,7.0,47996.0,48766.0,30759.0,29543.0,673.0,990.0,30086.0,28553.0,2180.0,1544.0,373.,Rheinland-Pfalz,LK,"8,32","8,35","8,07",8.5,8.52,8.58,both
160,Trier-Saarburg,7.0,112648.0,112654.0,79057.0,69308.0,1456.0,2046.0,77601.0,67262.0,5364.0,3747.0,357.,Rheinland-Pfalz,LK,"6,76","6,73","6,51",6.59,6.6,6.64,both
161,Frankenthal (Pfalz),7.0,33348.0,34215.0,19034.0,16468.0,339.0,299.0,18695.0,16169.0,2532.0,1322.0,102.,Rheinland-Pfalz,KS,"12,49","12,39","12,56",13.01,13.05,13.17,both
162,Kaiserslautern,7.0,71365.0,73674.0,38987.0,32162.0,556.0,498.0,38431.0,31664.0,4622.0,2088.0,163.,Rheinland-Pfalz,LK,"9,93","10,12","10,14",10.5,10.56,10.71,both
163,Kaiserslautern,7.0,71365.0,73674.0,38987.0,32162.0,556.0,498.0,38431.0,31664.0,4622.0,2088.0,164.,Rheinland-Pfalz,KS,"14,6","14,53","14,38",14.81,14.91,14.96,both
164,Kaiserslautern,7.0,81200.0,81706.0,54712.0,50296.0,1293.0,1538.0,53419.0,48758.0,6906.0,3060.0,163.,Rheinland-Pfalz,LK,"9,93","10,12","10,14",10.5,10.56,10.71,both
165,Kaiserslautern,7.0,81200.0,81706.0,54712.0,50296.0,1293.0,1538.0,53419.0,48758.0,6906.0,3060.0,164.,Rheinland-Pfalz,KS,"14,6","14,53","14,38",14.81,14.91,14.96,both
166,Landau in der Pfalz,7.0,36257.0,35005.0,24124.0,19137.0,268.0,321.0,23856.0,18816.0,1881.0,1369.0,184.,Rheinland-Pfalz,KS,"9,54","9,26","9,19",9.1,8.86,8.8,both
167,Ludwigshafen am Rhein,7.0,102451.0,104309.0,55399.0,46979.0,1145.0,869.0,54254.0,46110.0,7684.0,4449.0,201.,Rheinland-Pfalz,KS,"15,26","15,22","15,17",15.27,15.81,15.96,both
168,Mainz,7.0,150251.0,146148.0,102415.0,80511.0,898.0,906.0,101517.0,79605.0,5966.0,4777.0,209.,Rheinland-Pfalz,KS,"8,16","8,05","7,96",7.93,7.9,7.87,both
169,Neustadt an der Weinstraße,7.0,40621.0,41441.0,26537.0,22844.0,318.0,359.0,26219.0,22485.0,2611.0,1400.0,239.,Rheinland-Pfalz,KS,"10,56","10,47","10,65",10.67,10.37,10.38,both
170,Pirmasens,7.0,30963.0,32144.0,15433.0,14448.0,375.0,393.0,15058.0,14055.0,2245.0,886.0,277.,Rheinland-Pfalz,KS,"17,73","18,34","18,43",18.38,18.23,18.35,both
171,Speyer,7.0,36237.0,36768.0,21948.0,18433.0,274.0,263.0,21674.0,18170.0,2278.0,1266.0,338.,Rheinland-Pfalz,KS,"10,71","10,71","10,65",10.62,10.76,10.75,both
172,Worms,7.0,58080.0,59521.0,32205.0,29072.0,544.0,632.0,31661.0,28440.0,3942.0,2212.0,394.,Rheinland-Pfalz,KS,"15,52","15,99","16,1",15.98,15.53,15.24,both
173,Zweibrücken,7.0,25997.0,26888.0,13706.0,11738.0,230.0,243.0,13476.0,11495.0,1583.0,827.0,400.,Rheinland-Pfalz,KS,"12,01","12,03","12,09",12.65,12.64,12.55,both
174,Alzey-Worms,7.0,98159.0,97080.0,66606.0,59159.0,1238.0,1640.0,65368.0,57519.0,8168.0,4480.0,9.,Rheinland-Pfalz,LK,"9,65","9,66","9,65",9.71,9.4,9.27,both
175,Bad Dürkheim,7.0,104795.0,104828.0,73282.0,63248.0,1087.0,1388.0,72195.0,61860.0,8223.0,4452.0,21.,Rheinland-Pfalz,LK,"9,06","9,07","9,11",9.21,9.12,8.96,both
176,Donnersbergkreis,7.0,58275.0,58725.0,38700.0,34773.0,755.0,964.0,37945.0,33809.0,4742.0,2381.0,75.,Rheinland-Pfalz,LK,"10,87","11,06","11,04",11.44,11.46,11.41,both
177,Germersheim,7.0,94398.0,94277.0,62054.0,54520.0,1065.0,1262.0,60989.0,53258.0,8686.0,4122.0,117.,Rheinland-Pfalz,LK,"8,73","8,65","8,71",8.81,8.79,8.84,both
178,Kusel,7.0,56613.0,58242.0,37705.0,35735.0,958.0,1235.0,36747.0,34500.0,4989.0,2121.0,181.,Rheinland-Pfalz,LK,"9,42","9,73","10,05",10.45,10.67,10.74,both
179,Südliche Weinstraße,7.0,87144.0,87691.0,62279.0,55485.0,1194.0,1574.0,61085.0,53911.0,6541.0,3790.0,350.,Rheinland-Pfalz,LK,"7,93","7,94","7,88",7.99,7.92,7.85,both
180,Rhein-Pfalz-Kreis,7.0,117009.0,116626.0,80643.0,69431.0,1142.0,1318.0,79501.0,68113.0,9531.0,5708.0,301.,Rheinland-Pfalz,LK,"7,95","7,92","7,93",7.93,7.87,7.77,both
181,Mainz-Bingen,7.0,158871.0,157364.0,112369.0,98591.0,1497.0,1933.0,110872.0,96658.0,9302.0,6066.0,210.,Rheinland-Pfalz,LK,"8,28","8,3","8,21",8.26,7.98,7.97,both
182,Südwestpfalz,7.0,78708.0,80182.0,55974.0,53610.0,1495.0,2172.0,54479.0,51438.0,6785.0,3042.0,351.,Rheinland-Pfalz,LK,"7,91","8,08","8,02",8.26,8.3,8.3,both
183,Stuttgart,8.0,380985.0,378862.0,255470.0,201380.0,2172.0,1725.0,253298.0,199655.0,18876.0,14887.0,349.,Baden-Württemberg,SK,"10,72","10,92","10,67",11.12,10.5,10.14,both
184,Böblingen,8.0,262708.0,258396.0,173851.0,138646.0,2542.0,2146.0,171309.0,136500.0,17562.0,12193.0,39.,Baden-Württemberg,LK,"6,72","6,85","6,96",7.1,6.96,6.85,both
185,Esslingen,8.0,365828.0,363627.0,242055.0,195920.0,3565.0,3058.0,238490.0,192862.0,22958.0,14586.0,98.,Baden-Württemberg,LK,"7,22","7,45","7,46",7.62,7.4,7.29,both
186,Göppingen,8.0,178436.0,179093.0,111874.0,90071.0,2128.0,2101.0,109746.0,87970.0,13732.0,7571.0,120.,Baden-Württemberg,LK,"7,91","8,04","8,22",8.45,8.52,8.48,both
187,Ludwigsburg,8.0,365970.0,363677.0,244616.0,198535.0,3596.0,3283.0,241020.0,195252.0,23909.0,16232.0,200.,Baden-Württemberg,LK,"7,68","7,79","7,88",7.98,7.75,7.63,both
188,Rems-Murr-Kreis,8.0,297477.0,296116.0,193131.0,156642.0,2913.0,2749.0,190218.0,153893.0,21895.0,15467.0,291.,Baden-Württemberg,LK,"7,87","8,12","8,25",8.36,8.19,8.04,both
189,Heilbronn,8.0,77185.0,78309.0,42835.0,33272.0,636.0,503.0,42199.0,32769.0,5495.0,2793.0,142.,Baden-Württemberg,LK,"6,79","6,93","7,01",7.19,7.3,7.48,both
190,Heilbronn,8.0,77185.0,78309.0,42835.0,33272.0,636.0,503.0,42199.0,32769.0,5495.0,2793.0,143.,Baden-Württemberg,SK,"10,51","10,72","10,97",11.17,11.3,11.64,both
191,Heilbronn,8.0,242435.0,239085.0,155172.0,123791.0,3401.0,3266.0,151771.0,120525.0,19561.0,10041.0,142.,Baden-Württemberg,LK,"6,79","6,93","7,01",7.19,7.3,7.48,both
192,Heilbronn,8.0,242435.0,239085.0,155172.0,123791.0,3401.0,3266.0,151771.0,120525.0,19561.0,10041.0,143.,Baden-Württemberg,SK,"10,51","10,72","10,97",11.17,11.3,11.64,both
193,Hohenlohekreis,8.0,82480.0,82285.0,51822.0,42348.0,857.0,988.0,50965.0,41360.0,6074.0,2930.0,156.,Baden-Württemberg,LK,"5,88","6,06","6,17",6.34,6.43,6.41,both
194,Schwäbisch Hall,8.0,143275.0,141514.0,86854.0,68197.0,1594.0,1883.0,85260.0,66314.0,9753.0,4771.0,324.,Baden-Württemberg,LK,"6,6","6,67","6,74",7.08,7.12,7.12,both
195,Main-Tauber-Kreis,8.0,101414.0,103283.0,67155.0,59300.0,1544.0,1809.0,65611.0,57491.0,7056.0,3894.0,207.,Baden-Württemberg,LK,"5,76","5,98","6,15",6.2,6.25,6.36,both
196,Heidenheim,8.0,93726.0,95219.0,54670.0,44594.0,1144.0,983.0,53526.0,43611.0,5471.0,3252.0,141.,Baden-Württemberg,LK,"7,63","7,8","8,03",8.39,8.46,8.56,both
197,Ostalbkreis,8.0,231322.0,230415.0,145645.0,116074.0,3025.0,3228.0,142620.0,112846.0,14234.0,7846.0,265.,Baden-Württemberg,LK,"6,85",7,"7,09",7.24,7.23,7.23,both
198,Baden-Baden,8.0,38487.0,39257.0,23731.0,18657.0,328.0,273.0,23403.0,18384.0,2235.0,1665.0,25.,Baden-Württemberg,SK,"8,89","9,17","9,64",10.2,10.2,10.35,both
199,Karlsruhe,8.0,209516.0,207006.0,135402.0,101277.0,1346.0,1071.0,134056.0,100206.0,10787.0,7961.0,165.,Baden-Württemberg,LK,"7,12","7,29","7,36",7.69,7.74,7.75,both
200,Karlsruhe,8.0,209516.0,207006.0,135402.0,101277.0,1346.0,1071.0,134056.0,100206.0,10787.0,7961.0,166.,Baden-Württemberg,SK,"8,7","8,82","9,11",9.51,9.51,9.53,both
201,Karlsruhe,8.0,323238.0,323232.0,209814.0,173398.0,4275.0,4865.0,205539.0,168533.0,23146.0,14325.0,165.,Baden-Württemberg,LK,"7,12","7,29","7,36",7.69,7.74,7.75,both
202,Karlsruhe,8.0,323238.0,323232.0,209814.0,173398.0,4275.0,4865.0,205539.0,168533.0,23146.0,14325.0,166.,Baden-Württemberg,SK,"8,7","8,82","9,11",9.51,9.51,9.53,both
203,Rastatt,8.0,167254.0,167850.0,103779.0,83628.0,2644.0,2723.0,101135.0,80905.0,11743.0,7112.0,282.,Baden-Württemberg,LK,"7,06","7,32","7,51",7.76,7.73,7.75,both
204,Heidelberg,8.0,100384.0,98268.0,70400.0,53822.0,535.0,452.0,69865.0,53370.0,4303.0,3611.0,140.,Baden-Württemberg,SK,"6,29","6,19","6,09",6.23,6.32,6.36,both
205,Mannheim,8.0,199916.0,200318.0,116585.0,88285.0,1484.0,1317.0,115101.0,86968.0,12287.0,8437.0,211.,Baden-Württemberg,SK,"13,36","13,43","13,53",14.0,14.14,14.41,both
206,Neckar-Odenwald-Kreis,8.0,108354.0,109800.0,68991.0,59582.0,1675.0,1963.0,67316.0,57619.0,7940.0,3822.0,232.,Baden-Württemberg,LK,"7,4","7,54","7,64",7.83,7.96,7.95,both
207,Rhein-Neckar-Kreis,8.0,399897.0,399656.0,263457.0,216540.0,5367.0,6007.0,258090.0,210533.0,27721.0,18401.0,300.,Baden-Württemberg,LK,"7,9","8,03","8,05",8.16,8.17,8.14,both
208,Pforzheim,8.0,75907.0,77938.0,40419.0,29737.0,793.0,519.0,39626.0,29218.0,6995.0,4232.0,275.,Baden-Württemberg,SK,"13,19","13,6","13,64",14.66,14.66,14.8,both
209,Calw,8.0,112394.0,110858.0,71274.0,57453.0,1213.0,1381.0,70061.0,56072.0,9387.0,5761.0,52.,Baden-Württemberg,LK,"8,02","8,38","8,58",8.78,8.66,8.77,both
210,Enzkreis,8.0,143293.0,142528.0,94043.0,76435.0,1604.0,1947.0,92439.0,74488.0,11985.0,8538.0,91.,Baden-Württemberg,LK,"6,69","6,84","6,85",7.24,7.23,7.12,both
211,Freudenstadt,8.0,86400.0,86824.0,53081.0,44445.0,1045.0,1111.0,52036.0,43334.0,6600.0,3479.0,107.,Baden-Württemberg,LK,"6,92","7,41","7,66",7.74,7.7,7.67,both
212,Freiburg im Breisgau,8.0,157789.0,155449.0,106346.0,85548.0,946.0,830.0,105400.0,84718.0,5586.0,4825.0,105.,Baden-Württemberg,SK,"7,92","7,79","7,76",8.1,8.18,8.26,both
213,Breisgau-Hochschwarzwald,8.0,193103.0,190289.0,130008.0,109276.0,2824.0,2788.0,127184.0,106488.0,9638.0,7879.0,48.,Baden-Württemberg,LK,"7,02","7,04","7,08",7.29,7.31,7.25,both
214,Emmendingen,8.0,123701.0,121857.0,81001.0,65600.0,1839.0,2025.0,79162.0,63575.0,6466.0,3822.0,88.,Baden-Württemberg,LK,"6,98","6,99","7,04",7.13,7.12,7.08,both
215,Ortenaukreis,8.0,317094.0,316303.0,192979.0,161212.0,4389.0,5739.0,188590.0,155473.0,18858.0,11084.0,262.,Baden-Württemberg,LK,"7,91","8,02","8,13",8.36,8.39,8.48,both
216,Rottweil,8.0,102914.0,103195.0,63538.0,53160.0,1374.0,1806.0,62164.0,51354.0,7203.0,4542.0,310.,Baden-Württemberg,LK,"7,11","7,59","7,88",8.0,8.03,7.99,both
217,Schwarzwald-Baar-Kreis,8.0,149042.0,150541.0,87251.0,74092.0,1829.0,1988.0,85422.0,72104.0,8413.0,5925.0,327.,Baden-Württemberg,LK,"8,81","8,97","9,12",9.17,9.24,9.3,both
218,Tuttlingen,8.0,95213.0,96043.0,57744.0,48601.0,1459.0,1640.0,56285.0,46961.0,6124.0,3386.0,359.,Baden-Württemberg,LK,"8,55","8,83","8,93",9.17,9.32,9.32,both
219,Konstanz,8.0,205147.0,202911.0,129936.0,102839.0,2207.0,2225.0,127729.0,100614.0,10243.0,6970.0,177.,Baden-Württemberg,LK,10,"10,12","10,15",10.31,10.24,10.18,both
220,Lörrach,8.0,161560.0,162717.0,97521.0,78919.0,1840.0,2032.0,95681.0,76887.0,8632.0,5303.0,197.,Baden-Württemberg,LK,"8,3","8,48","8,54",8.84,8.82,8.79,both
221,Waldshut,8.0,119122.0,119139.0,73466.0,61692.0,1431.0,1672.0,72035.0,60020.0,6486.0,3800.0,375.,Baden-Württemberg,LK,"8,16","8,45","8,53",8.84,9.01,9.15,both
222,Reutlingen,8.0,200184.0,199935.0,124190.0,100213.0,1742.0,2036.0,122448.0,98177.0,13140.0,8626.0,293.,Baden-Württemberg,LK,"7,24","7,32","7,32",7.65,7.81,8.0,both
223,Tübingen,8.0,161993.0,158007.0,113120.0,91219.0,1230.0,1347.0,111890.0,89872.0,8199.0,6624.0,358.,Baden-Württemberg,LK,"5,52","5,59","5,67",5.91,6.0,6.02,both
224,Zollernalbkreis,8.0,138389.0,139454.0,82245.0,68190.0,1733.0,2010.0,80512.0,66180.0,10153.0,5630.0,399.,Baden-Württemberg,LK,"7,55","7,75","7,97",8.23,8.36,8.62,both
225,Ulm,8.0,83482.0,82591.0,53462.0,41224.0,513.0,421.0,52949.0,40803.0,3798.0,2738.0,362.,Baden-Württemberg,SK,"7,74","7,84","7,72",8.3,8.44,8.63,both
226,Alb-Donau-Kreis,8.0,140125.0,138961.0,93883.0,79911.0,1720.0,1956.0,92163.0,77955.0,9144.0,5221.0,4.,Baden-Württemberg,LK,"5,72","5,8","5,9",6.22,6.38,6.49,both
227,Biberach,8.0,146207.0,143105.0,94008.0,77407.0,1817.0,2159.0,92191.0,75248.0,8583.0,4459.0,36.,Baden-Württemberg,LK,"6,03","6,17","6,3",6.52,6.61,6.73,both
228,Bodenseekreis,8.0,158275.0,156520.0,105627.0,85430.0,1538.0,1558.0,104089.0,83872.0,8966.0,5630.0,41.,Baden-Württemberg,LK,"7,19","7,19","7,08",7.31,7.37,7.4,both
229,Ravensburg,8.0,208837.0,206250.0,133795.0,106823.0,1981.0,2238.0,131814.0,104585.0,9979.0,5886.0,283.,Baden-Württemberg,LK,"6,6","6,62","6,59",6.92,7.08,7.17,both
230,Sigmaringen,8.0,96823.0,96443.0,61177.0,51879.0,1304.0,1669.0,59873.0,50210.0,6120.0,3343.0,333.,Baden-Württemberg,LK,"8,88",9,"9,02",9.21,9.11,9.16,both
231,Ingolstadt,9.0,91126.0,90683.0,48289.0,30667.0,173.0,100.0,48116.0,30567.0,5198.0,2648.0,160.,Bayern,KS,"7,27","7,2","7,37",7.27,7.3,7.3,both
232,München,9.0,928090.0,924005.0,607234.0,422743.0,952.0,950.0,606282.0,421793.0,36282.0,32869.0,229.,Bayern,LK,"6,09","5,94","6,09",6.33,6.47,6.4,both
233,München,9.0,928090.0,924005.0,607234.0,422743.0,952.0,950.0,606282.0,421793.0,36282.0,32869.0,230.,Bayern,KS,"8,13","8,01","8,33",8.63,8.92,8.82,both
234,München,9.0,238218.0,235289.0,168469.0,116090.0,326.0,360.0,168143.0,115730.0,11249.0,10247.0,229.,Bayern,LK,"6,09","5,94","6,09",6.33,6.47,6.4,both
235,München,9.0,238218.0,235289.0,168469.0,116090.0,326.0,360.0,168143.0,115730.0,11249.0,10247.0,230.,Bayern,KS,"8,13","8,01","8,33",8.63,8.92,8.82,both
236,Rosenheim,9.0,41410.0,41596.0,23722.0,15629.0,65.0,51.0,23657.0,15578.0,2241.0,1696.0,304.,Bayern,LK,"6,02","6,03","6,14",6.55,6.6,6.63,both
237,Rosenheim,9.0,41410.0,41596.0,23722.0,15629.0,65.0,51.0,23657.0,15578.0,2241.0,1696.0,305.,Bayern,KS,"9,2","9,32","9,78",10.08,10.36,10.38,both
238,Rosenheim,9.0,195791.0,191063.0,123504.0,79735.0,281.0,248.0,123223.0,79487.0,10275.0,7391.0,304.,Bayern,LK,"6,02","6,03","6,14",6.55,6.6,6.63,both
239,Rosenheim,9.0,195791.0,191063.0,123504.0,79735.0,281.0,248.0,123223.0,79487.0,10275.0,7391.0,305.,Bayern,KS,"9,2","9,32","9,78",10.08,10.36,10.38,both
240,Altötting,9.0,82914.0,82981.0,46301.0,30679.0,114.0,103.0,46187.0,30576.0,4051.0,2332.0,8.,Bayern,LK,"6,62","6,84","6,94",7.02,7.01,7.02,both
241,Berchtesgadener Land,9.0,75243.0,74848.0,43460.0,27428.0,152.0,108.0,43308.0,27320.0,3802.0,2193.0,32.,Bayern,LK,"6,53","6,41","6,49",6.74,6.76,6.74,both
242,Bad Tölz-Wolfratshausen,9.0,93112.0,92336.0,58996.0,40436.0,169.0,191.0,58827.0,40245.0,4547.0,4215.0,24.,Bayern,LK,"6,45","6,39","6,57",6.61,6.72,6.6,both
243,Dachau,9.0,105723.0,102640.0,68828.0,44674.0,166.0,122.0,68662.0,44552.0,5770.0,4079.0,63.,Bayern,LK,"6,14","6,1","6,18",6.17,6.22,6.17,both
244,Ebersberg,9.0,100417.0,97182.0,68997.0,46287.0,154.0,135.0,68843.0,46152.0,4798.0,4032.0,81.,Bayern,LK,"5,57","5,49","5,67",5.8,5.87,5.99,both
245,Eichstätt,9.0,98064.0,96247.0,62387.0,42483.0,167.0,137.0,62220.0,42346.0,6022.0,2846.0,83.,Bayern,LK,"3,71","3,67","3,74",3.79,3.77,3.85,both
246,Erding,9.0,99996.0,96834.0,63272.0,40820.0,181.0,166.0,63091.0,40654.0,5797.0,3725.0,92.,Bayern,LK,"6,24","6,15","6,15",6.32,6.41,6.34,both
247,Freising,9.0,121726.0,119723.0,77503.0,51944.0,193.0,247.0,77310.0,51697.0,6414.0,4998.0,106.,Bayern,LK,"6,48","6,5","6,63",6.9,7.05,6.89,both
248,Fürstenfeldbruck,9.0,155179.0,155035.0,104528.0,71977.0,239.0,205.0,104289.0,71772.0,7694.0,6591.0,111.,Bayern,LK,"6,3","6,19","6,28",6.41,6.53,6.42,both
249,Garmisch-Partenkirchen,9.0,65722.0,65622.0,41459.0,28061.0,152.0,92.0,41307.0,27969.0,3532.0,3079.0,114.,Bayern,LK,"7,23","7,19","7,2",7.43,7.5,7.42,both
250,Landsberg am Lech,9.0,90787.0,88105.0,60365.0,38543.0,139.0,112.0,60226.0,38431.0,4381.0,3125.0,186.,Bayern,LK,"5,46","5,33","5,47",5.74,5.69,5.75,both
251,Miesbach,9.0,73516.0,72572.0,47866.0,30495.0,123.0,106.0,47743.0,30389.0,3538.0,3052.0,222.,Bayern,LK,"6,89","7,13","7,1",7.24,7.19,7.21,both
252,Mühldorf a.Inn,9.0,85802.0,84607.0,48883.0,31554.0,136.0,113.0,48747.0,31441.0,5008.0,2730.0,227.,Bayern,LK,"7,73","7,71","7,72",7.89,8.02,8.15,both
253,Neuburg-Schrobenhausen,9.0,72036.0,70878.0,39960.0,29953.0,85.0,145.0,39875.0,29808.0,3669.0,2514.0,233.,Bayern,LK,"4,95","5,04","5,08",5.22,5.41,5.42,both
254,Pfaffenhofen a.d.Ilm,9.0,93530.0,91211.0,55817.0,39910.0,139.0,197.0,55678.0,39713.0,5752.0,3200.0,274.,Bayern,LK,"6,22","6,22","6,15",6.23,6.31,6.38,both
255,Starnberg,9.0,97203.0,96460.0,69908.0,49854.0,120.0,126.0,69788.0,49728.0,4495.0,4499.0,342.,Bayern,LK,"5,98","5,8","6,06",6.27,6.32,6.3,both
256,Traunstein,9.0,134120.0,132926.0,79687.0,52553.0,210.0,157.0,79477.0,52396.0,6002.0,3544.0,355.,Bayern,LK,"5,59","5,62","5,65",5.78,5.91,5.93,both
257,Weilheim-Schongau,9.0,102661.0,100654.0,65600.0,44488.0,186.0,141.0,65414.0,44347.0,4847.0,4572.0,379.,Bayern,LK,"6,5","6,44","6,56",6.61,6.75,6.67,both
258,Landshut,9.0,49256.0,48822.0,28802.0,18488.0,73.0,57.0,28729.0,18431.0,2552.0,1525.0,187.,Bayern,LK,"5,52","5,46","5,49",5.64,5.65,5.59,both
259,Landshut,9.0,49256.0,48822.0,28802.0,18488.0,73.0,57.0,28729.0,18431.0,2552.0,1525.0,188.,Bayern,KS,"8,2","8,04","7,99",8.39,8.58,8.75,both
260,Landshut,9.0,118913.0,116297.0,73247.0,46391.0,176.0,127.0,73071.0,46264.0,7140.0,2885.0,187.,Bayern,LK,"5,52","5,46","5,49",5.64,5.65,5.59,both
261,Landshut,9.0,118913.0,116297.0,73247.0,46391.0,176.0,127.0,73071.0,46264.0,7140.0,2885.0,188.,Bayern,KS,"8,2","8,04","7,99",8.39,8.58,8.75,both
262,Passau,9.0,38257.0,38468.0,22466.0,14490.0,55.0,48.0,22411.0,14442.0,1824.0,1156.0,271.,Bayern,LK,"6,25","6,34","6,47",6.67,6.7,6.76,both
263,Passau,9.0,38257.0,38468.0,22466.0,14490.0,55.0,48.0,22411.0,14442.0,1824.0,1156.0,272.,Bayern,KS,"8,82","8,86","9,22",9.56,9.85,9.76,both
264,Passau,9.0,150646.0,149285.0,79632.0,45962.0,185.0,162.0,79447.0,45800.0,8401.0,3625.0,271.,Bayern,LK,"6,25","6,34","6,47",6.67,6.7,6.76,both
265,Passau,9.0,150646.0,149285.0,79632.0,45962.0,185.0,162.0,79447.0,45800.0,8401.0,3625.0,272.,Bayern,KS,"8,82","8,86","9,22",9.56,9.85,9.76,both
266,Straubing,9.0,34121.0,34667.0,17101.0,11029.0,68.0,51.0,17033.0,10978.0,1993.0,804.0,347.,Bayern,KS,"9,99","10,19","10,23",11.5,11.6,11.69,both
267,Deggendorf,9.0,91964.0,91418.0,47103.0,27570.0,109.0,93.0,46994.0,27477.0,5359.0,2348.0,67.,Bayern,LK,"6,92","6,89","6,99",7.28,7.58,7.45,both
268,Freyung-Grafenau,9.0,63757.0,63709.0,31715.0,16875.0,76.0,58.0,31639.0,16817.0,3627.0,1235.0,108.,Bayern,LK,"5,58","5,77","5,91",6.08,6.14,6.13,both
269,Kelheim,9.0,88551.0,87352.0,53127.0,32825.0,136.0,108.0,52991.0,32717.0,4731.0,2022.0,170.,Bayern,LK,"6,66","6,62","6,56",6.58,6.6,6.55,both
270,Regen,9.0,62104.0,62610.0,29571.0,16498.0,74.0,69.0,29497.0,16429.0,3936.0,1501.0,285.,Bayern,LK,"6,03","6,02","6,1",6.32,6.55,6.57,both
271,Rottal-Inn,9.0,92148.0,91946.0,50147.0,30433.0,141.0,141.0,50006.0,30292.0,4664.0,2231.0,309.,Bayern,LK,"5,81","5,76","5,85",6.07,6.31,6.59,both
272,Straubing-Bogen,9.0,77829.0,76667.0,45784.0,30366.0,106.0,90.0,45678.0,30276.0,4828.0,1796.0,348.,Bayern,LK,"5,09","5,17","5,06",5.26,5.37,5.38,both
273,Dingolfing-Landau,9.0,71333.0,71650.0,38793.0,25503.0,107.0,92.0,38686.0,25411.0,4382.0,1648.0,72.,Bayern,LK,"6,03","6,04","6,1",6.16,6.37,6.45,both
274,Amberg,9.0,32373.0,33217.0,16912.0,11512.0,68.0,38.0,16844.0,11474.0,1842.0,1096.0,10.,Bayern,KS,"9,15","9,14","9,43",10.31,10.25,10.1,both
275,Regensburg,9.0,106300.0,103432.0,64366.0,41675.0,120.0,94.0,64246.0,41581.0,4576.0,3162.0,286.,Bayern,LK,"5,57","5,66","5,79",6.0,5.97,5.84,both
276,Regensburg,9.0,106300.0,103432.0,64366.0,41675.0,120.0,94.0,64246.0,41581.0,4576.0,3162.0,287.,Bayern,KS,"9,86","9,75","9,91",10.12,9.91,9.53,both
277,Regensburg,9.0,147691.0,146252.0,92345.0,61865.0,264.0,256.0,92081.0,61609.0,8832.0,4449.0,286.,Bayern,LK,"5,57","5,66","5,79",6.0,5.97,5.84,both
278,Regensburg,9.0,147691.0,146252.0,92345.0,61865.0,264.0,256.0,92081.0,61609.0,8832.0,4449.0,287.,Bayern,KS,"9,86","9,75","9,91",10.12,9.91,9.53,both
279,Weiden i.d.OPf.,9.0,32545.0,33246.0,17022.0,11551.0,61.0,46.0,16961.0,11505.0,1818.0,1216.0,378.,Bayern,KS,"10,74","10,95","11,08",11.58,11.74,11.43,both
280,Amberg-Sulzbach,9.0,81933.0,82522.0,49404.0,33538.0,168.0,153.0,49236.0,33385.0,4705.0,2365.0,11.,Bayern,LK,"5,52","5,71","5,86",6.08,6.17,6.0,both
281,Cham,9.0,102050.0,102140.0,54266.0,31749.0,125.0,137.0,54141.0,31612.0,6546.0,2192.0,54.,Bayern,LK,"5,88","5,97","5,89",6.04,6.07,6.08,both
282,Neumarkt i.d.OPf.,9.0,101502.0,99620.0,63990.0,42576.0,144.0,139.0,63846.0,42437.0,5406.0,2874.0,234.,Bayern,LK,5,"5,2","5,23",5.39,5.42,5.36,both
283,Neustadt a.d.Waldnaab,9.0,75822.0,76683.0,44479.0,31408.0,147.0,145.0,44332.0,31263.0,4367.0,2408.0,238.,Bayern,LK,"5,58","5,79","5,98",6.37,6.58,6.69,both
284,Schwandorf,9.0,114507.0,114360.0,63717.0,41070.0,184.0,163.0,63533.0,40907.0,7421.0,3001.0,326.,Bayern,LK,"6,79","6,83","6,93",7.03,7.23,7.32,both
285,Tirschenreuth,9.0,58961.0,60297.0,34674.0,24073.0,109.0,96.0,34565.0,23977.0,2914.0,1416.0,354.,Bayern,LK,"5,77","5,66","5,69",5.87,5.92,5.96,both
286,Bamberg,9.0,55702.0,55010.0,33617.0,22127.0,93.0,81.0,33524.0,22046.0,2621.0,1550.0,26.,Bayern,LK,"6,02","6,03","5,98",6.15,6.13,6.0,both
287,Bamberg,9.0,55702.0,55010.0,33617.0,22127.0,93.0,81.0,33524.0,22046.0,2621.0,1550.0,27.,Bayern,KS,"8,66","8,54","8,31",8.61,8.51,8.12,both
288,Bamberg,9.0,116313.0,115598.0,70364.0,46669.0,177.0,190.0,70187.0,46479.0,7933.0,3186.0,26.,Bayern,LK,"6,02","6,03","5,98",6.15,6.13,6.0,both
289,Bamberg,9.0,116313.0,115598.0,70364.0,46669.0,177.0,190.0,70187.0,46479.0,7933.0,3186.0,27.,Bayern,KS,"8,66","8,54","8,31",8.61,8.51,8.12,both
290,Bayreuth,9.0,57162.0,57280.0,32379.0,21750.0,74.0,83.0,32305.0,21667.0,2426.0,1757.0,30.,Bayern,LK,"6,13","6,19","6,3",6.38,6.45,6.33,both
291,Bayreuth,9.0,57162.0,57280.0,32379.0,21750.0,74.0,83.0,32305.0,21667.0,2426.0,1757.0,31.,Bayern,KS,"9,41","9,27","9,16",9.72,9.92,9.74,both
292,Bayreuth,9.0,84304.0,85177.0,50453.0,34697.0,135.0,120.0,50318.0,34577.0,4269.0,2556.0,30.,Bayern,LK,"6,13","6,19","6,3",6.38,6.45,6.33,both
293,Bayreuth,9.0,84304.0,85177.0,50453.0,34697.0,135.0,120.0,50318.0,34577.0,4269.0,2556.0,31.,Bayern,KS,"9,41","9,27","9,16",9.72,9.92,9.74,both
294,Coburg,9.0,31595.0,32359.0,17848.0,12559.0,57.0,33.0,17791.0,12526.0,1352.0,995.0,57.,Bayern,LK,"7,94","7,88","7,75",7.73,7.69,7.7,both
295,Coburg,9.0,31595.0,32359.0,17848.0,12559.0,57.0,33.0,17791.0,12526.0,1352.0,995.0,58.,Bayern,KS,"9,7","9,48","9,31",9.3,9.31,9.34,both
296,Coburg,9.0,69832.0,70794.0,40006.0,28104.0,112.0,100.0,39894.0,28004.0,3555.0,2053.0,57.,Bayern,LK,"7,94","7,88","7,75",7.73,7.69,7.7,both
297,Coburg,9.0,69832.0,70794.0,40006.0,28104.0,112.0,100.0,39894.0,28004.0,3555.0,2053.0,58.,Bayern,KS,"9,7","9,48","9,31",9.3,9.31,9.34,both
298,Hof,9.0,33055.0,34221.0,16489.0,11294.0,54.0,54.0,16435.0,11240.0,1926.0,1075.0,154.,Bayern,LK,"8,6","8,74","8,74",8.93,8.89,8.89,both
299,Hof,9.0,33055.0,34221.0,16489.0,11294.0,54.0,54.0,16435.0,11240.0,1926.0,1075.0,155.,Bayern,KS,"13,39","13,49","13,62",13.96,14.18,14.02,both
300,Hof,9.0,76879.0,79214.0,43751.0,32049.0,124.0,132.0,43627.0,31917.0,4528.0,2381.0,154.,Bayern,LK,"8,6","8,74","8,74",8.93,8.89,8.89,both
301,Hof,9.0,76879.0,79214.0,43751.0,32049.0,124.0,132.0,43627.0,31917.0,4528.0,2381.0,155.,Bayern,KS,"13,39","13,49","13,62",13.96,14.18,14.02,both
302,Forchheim,9.0,90648.0,89698.0,57875.0,39835.0,143.0,130.0,57732.0,39705.0,4968.0,2874.0,101.,Bayern,LK,"5,88","5,9","5,95",6.07,6.18,6.05,both
303,Kronach,9.0,54955.0,56593.0,31142.0,21125.0,114.0,145.0,31028.0,20980.0,2896.0,1286.0,179.,Bayern,LK,"6,86","6,87","6,91",6.89,6.93,6.93,both
304,Kulmbach,9.0,58900.0,60402.0,33827.0,23288.0,105.0,87.0,33722.0,23201.0,3218.0,1915.0,180.,Bayern,LK,"7,39","7,39","7,45",7.5,7.59,7.41,both
305,Lichtenfels,9.0,53699.0,54645.0,30999.0,21779.0,108.0,83.0,30891.0,21696.0,3062.0,1525.0,193.,Bayern,LK,"7,01","7,06","7,15",7.3,7.36,7.3,both
306,Wunsiedel i.Fichtelgebirge,9.0,58033.0,60370.0,31669.0,22246.0,140.0,126.0,31529.0,22120.0,3428.0,1652.0,395.,Bayern,LK,"8,58","8,76","8,81",9.11,9.15,9.3,both
307,Ansbach,9.0,30644.0,31263.0,16542.0,11331.0,68.0,46.0,16474.0,11285.0,1683.0,882.0,14.,Bayern,LK,"5,46","5,56","5,65",5.93,6.1,6.17,both
308,Ansbach,9.0,30644.0,31263.0,16542.0,11331.0,68.0,46.0,16474.0,11285.0,1683.0,882.0,15.,Bayern,KS,"9,31","9,57","9,99",10.66,10.56,10.52,both
309,Ansbach,9.0,140434.0,139801.0,83057.0,55113.0,228.0,194.0,82829.0,54919.0,6957.0,3988.0,14.,Bayern,LK,"5,46","5,56","5,65",5.93,6.1,6.17,both
310,Ansbach,9.0,140434.0,139801.0,83057.0,55113.0,228.0,194.0,82829.0,54919.0,6957.0,3988.0,15.,Bayern,KS,"9,31","9,57","9,99",10.66,10.56,10.52,both
311,Erlangen,9.0,77514.0,77383.0,51535.0,37320.0,113.0,88.0,51422.0,37232.0,3041.0,2473.0,94.,Bayern,KS,"5,99","5,99","6,12",6.62,6.87,6.88,both
312,Fürth,9.0,86896.0,86007.0,49124.0,31368.0,172.0,145.0,48952.0,31223.0,4348.0,2542.0,112.,Bayern,LK,"5,78","5,95","6,17",6.41,6.48,6.32,both
313,Fürth,9.0,86896.0,86007.0,49124.0,31368.0,172.0,145.0,48952.0,31223.0,4348.0,2542.0,113.,Bayern,KS,"10,79","10,88","11,26",11.71,11.91,11.83,both
314,Fürth,9.0,91862.0,90790.0,59550.0,40010.0,154.0,140.0,59396.0,39870.0,5563.0,3442.0,112.,Bayern,LK,"5,78","5,95","6,17",6.41,6.48,6.32,both
315,Fürth,9.0,91862.0,90790.0,59550.0,40010.0,154.0,140.0,59396.0,39870.0,5563.0,3442.0,113.,Bayern,KS,"10,79","10,88","11,26",11.71,11.91,11.83,both
316,Nürnberg,9.0,342881.0,349601.0,201242.0,143804.0,590.0,811.0,200652.0,142993.0,17661.0,12070.0,248.,Bayern,KS,"10,42","10,52","10,8",11.58,11.93,12.01,both
317,Schwabach,9.0,30044.0,30006.0,17944.0,12459.0,75.0,52.0,17869.0,12407.0,1508.0,1028.0,323.,Bayern,KS,"7,65","7,57","7,86",8.0,8.08,7.86,both
318,Erlangen-Höchstadt,9.0,103993.0,102993.0,69148.0,48417.0,183.0,154.0,68965.0,48263.0,5296.0,3671.0,95.,Bayern,LK,"4,63","4,76","4,81",4.93,4.99,4.99,both
319,Nürnberger Land,9.0,130181.0,129375.0,84954.0,57895.0,220.0,233.0,84734.0,57662.0,7088.0,4275.0,249.,Bayern,LK,"6,21","6,42","6,64",6.83,6.84,6.72,both
320,Neustadt a.d.Aisch-Bad Windsheim,9.0,77458.0,77421.0,47420.0,33005.0,165.0,141.0,47255.0,32864.0,3787.0,2111.0,237.,Bayern,LK,"6,08","6,25","6,28",6.6,6.84,6.78,both
321,Roth,9.0,98021.0,97193.0,61851.0,41456.0,173.0,167.0,61678.0,41289.0,5260.0,2999.0,308.,Bayern,LK,"5,5","5,6","5,72",5.78,5.75,5.59,both
322,Weißenburg-Gunzenhausen,9.0,72142.0,72500.0,42249.0,29964.0,140.0,138.0,42109.0,29826.0,3206.0,2058.0,382.,Bayern,LK,"6,67","6,69","6,75",7.04,7.1,7.16,both
323,Aschaffenburg,9.0,50032.0,49917.0,28272.0,17112.0,146.0,123.0,28126.0,16989.0,2517.0,1443.0,16.,Bayern,LK,"6,75","6,79","6,84",7.02,7.14,7.23,both
324,Aschaffenburg,9.0,50032.0,49917.0,28272.0,17112.0,146.0,123.0,28126.0,16989.0,2517.0,1443.0,17.,Bayern,KS,"10,64","10,57","10,56",10.85,10.99,11.4,both
325,Aschaffenburg,9.0,133359.0,134223.0,83199.0,53199.0,393.0,349.0,82806.0,52850.0,7486.0,4404.0,16.,Bayern,LK,"6,75","6,79","6,84",7.02,7.14,7.23,both
326,Aschaffenburg,9.0,133359.0,134223.0,83199.0,53199.0,393.0,349.0,82806.0,52850.0,7486.0,4404.0,17.,Bayern,KS,"10,64","10,57","10,56",10.85,10.99,11.4,both
327,Schweinfurt,9.0,37301.0,38947.0,18077.0,13598.0,83.0,91.0,17994.0,13507.0,2078.0,989.0,328.,Bayern,LK,"4,81","4,92","5,03",5.06,5.06,5.12,both
328,Schweinfurt,9.0,37301.0,38947.0,18077.0,13598.0,83.0,91.0,17994.0,13507.0,2078.0,989.0,329.,Bayern,KS,"9,67","9,96","10,23",10.33,10.72,10.67,both
329,Schweinfurt,9.0,91257.0,91692.0,57003.0,40853.0,198.0,209.0,56805.0,40644.0,5026.0,2708.0,328.,Bayern,LK,"4,81","4,92","5,03",5.06,5.06,5.12,both
330,Schweinfurt,9.0,91257.0,91692.0,57003.0,40853.0,198.0,209.0,56805.0,40644.0,5026.0,2708.0,329.,Bayern,KS,"9,67","9,96","10,23",10.33,10.72,10.67,both
331,Würzburg,9.0,98961.0,99770.0,62514.0,41643.0,150.0,133.0,62364.0,41510.0,3692.0,2895.0,397.,Bayern,LK,"5,15","5,19","5,31",5.38,5.4,5.44,both
332,Würzburg,9.0,98961.0,99770.0,62514.0,41643.0,150.0,133.0,62364.0,41510.0,3692.0,2895.0,398.,Bayern,KS,"7,01",7,"7,08",7.55,7.74,7.86,both
333,Würzburg,9.0,127271.0,127059.0,86646.0,60414.0,259.0,250.0,86387.0,60164.0,5991.0,4124.0,397.,Bayern,LK,"5,15","5,19","5,31",5.38,5.4,5.44,both
334,Würzburg,9.0,127271.0,127059.0,86646.0,60414.0,259.0,250.0,86387.0,60164.0,5991.0,4124.0,398.,Bayern,KS,"7,01",7,"7,08",7.55,7.74,7.86,both
335,Bad Kissingen,9.0,83393.0,84410.0,50100.0,35211.0,177.0,177.0,49923.0,35034.0,4524.0,2347.0,22.,Bayern,LK,"6,19","6,2","6,24",6.38,6.49,6.56,both
336,Rhön-Grabfeld,9.0,63683.0,64780.0,37849.0,26640.0,151.0,135.0,37698.0,26505.0,2850.0,1370.0,303.,Bayern,LK,"5,34","5,33","5,2",5.5,5.73,5.88,both
337,Haßberge,9.0,68076.0,68335.0,41409.0,29204.0,141.0,119.0,41268.0,29085.0,3867.0,1396.0,137.,Bayern,LK,"6,39","6,54","6,39",6.57,6.71,6.75,both
338,Kitzingen,9.0,69339.0,69555.0,42702.0,30027.0,128.0,124.0,42574.0,29903.0,3447.0,1688.0,173.,Bayern,LK,"6,31","6,52","6,56",6.63,6.73,6.77,both
339,Miltenberg,9.0,95625.0,96324.0,57058.0,37507.0,281.0,222.0,56777.0,37285.0,4661.0,2355.0,223.,Bayern,LK,"7,78","7,87","7,92",8.13,8.24,8.16,both
340,Main-Spessart,9.0,99845.0,101181.0,63090.0,42611.0,237.0,201.0,62853.0,42410.0,4917.0,3342.0,206.,Bayern,LK,"5,37","5,33","5,4",5.52,5.6,5.62,both
341,Augsburg,9.0,190297.0,188472.0,105747.0,68429.0,363.0,267.0,105384.0,68162.0,9421.0,7078.0,18.,Bayern,LK,"6,16","6,25","6,38",6.51,6.55,6.49,both
342,Augsburg,9.0,190297.0,188472.0,105747.0,68429.0,363.0,267.0,105384.0,68162.0,9421.0,7078.0,19.,Bayern,KS,"11,04","10,89","10,92",11.21,11.26,10.96,both
343,Augsburg,9.0,188792.0,185425.0,113784.0,74330.0,345.0,313.0,113439.0,74017.0,10529.0,7764.0,18.,Bayern,LK,"6,16","6,25","6,38",6.51,6.55,6.49,both
344,Augsburg,9.0,188792.0,185425.0,113784.0,74330.0,345.0,313.0,113439.0,74017.0,10529.0,7764.0,19.,Bayern,KS,"11,04","10,89","10,92",11.21,11.26,10.96,both
345,Kaufbeuren,9.0,31409.0,31430.0,16454.0,11037.0,52.0,40.0,16402.0,10997.0,1676.0,1076.0,169.,Bayern,KS,"10,66","10,55","10,35",10.7,10.84,10.73,both
346,Kempten (Allgäu),9.0,48801.0,48210.0,27480.0,17296.0,110.0,65.0,27370.0,17231.0,2545.0,1865.0,171.,Bayern,KS,"10,33","10,16","9,96",10.21,10.15,10.15,both
347,Memmingen,9.0,29480.0,29910.0,16907.0,11160.0,95.0,54.0,16812.0,11106.0,1683.0,1231.0,219.,Bayern,KS,"10,49","10,17","10,24",10.43,10.3,10.11,both
348,Aichach-Friedberg,9.0,101054.0,98943.0,63818.0,40818.0,175.0,130.0,63643.0,40688.0,6036.0,4032.0,3.,Bayern,LK,"5,27","5,19","5,17",5.58,5.62,5.61,both
349,Dillingen a.d.Donau,9.0,72685.0,72224.0,39769.0,26453.0,109.0,103.0,39660.0,26350.0,4457.0,2060.0,71.,Bayern,LK,"6,48","6,55","6,64",6.68,6.7,6.68,both
350,Günzburg,9.0,90250.0,89371.0,48920.0,31431.0,139.0,117.0,48781.0,31314.0,5322.0,3264.0,128.,Bayern,LK,"6,66","6,82","7,23",7.43,7.46,7.34,both
351,Neu-Ulm,9.0,124023.0,122776.0,69347.0,45719.0,248.0,190.0,69099.0,45529.0,6965.0,4909.0,240.,Bayern,LK,"6,94","6,99","7,16",7.37,7.36,7.41,both
352,Lindau (Bodensee),9.0,60124.0,59362.0,37133.0,23694.0,120.0,101.0,37013.0,23593.0,2454.0,1616.0,195.,Bayern,LK,"7,63","7,51","7,42",7.51,7.65,7.62,both
353,Ostallgäu,9.0,106144.0,103730.0,65320.0,42411.0,195.0,173.0,65125.0,42238.0,4789.0,3412.0,266.,Bayern,LK,"6,31","6,24","6,18",6.31,6.34,6.3,both
354,Unterallgäu,9.0,108873.0,106402.0,64090.0,41387.0,174.0,210.0,63916.0,41177.0,6401.0,3961.0,365.,Bayern,LK,"6,03","5,97","5,87",6.08,6.19,6.1,both
355,Donau-Ries,9.0,100343.0,99971.0,59240.0,40570.0,172.0,159.0,59068.0,40411.0,4828.0,3146.0,74.,Bayern,LK,"5,17","5,16","5,24",5.65,5.67,5.65,both
356,Oberallgäu,9.0,119411.0,117420.0,76793.0,49173.0,244.0,186.0,76549.0,48987.0,5473.0,4031.0,250.,Bayern,LK,"6,69","6,62","6,49",6.56,6.48,6.43,both
357,Regionalverband Saarbrücken,10.0,243243.0,251551.0,149551.0,121445.0,2471.0,2797.0,147080.0,118648.0,13599.0,8342.0,289.,Saarland,SV,"14,13","14,17","14,24",14.34,14.42,14.52,both
358,Merzig-Wadern,10.0,79282.0,81279.0,55222.0,49068.0,1303.0,1708.0,53919.0,47360.0,4792.0,2888.0,220.,Saarland,LK,"9,8","9,66","9,42",9.25,9.14,9.15,both
359,Neunkirchen,10.0,105049.0,109755.0,68364.0,56433.0,1516.0,1826.0,66848.0,54607.0,7115.0,3944.0,236.,Saarland,LK,"11,96","12,07","12,17",12.09,11.96,12.12,both
360,Saarlouis,10.0,153711.0,158330.0,103631.0,85962.0,2441.0,3022.0,101190.0,82940.0,9825.0,5532.0,315.,Saarland,LK,"9,81","9,92","9,96",9.94,9.79,9.93,both
361,Saarpfalz-Kreis,10.0,113837.0,117837.0,78970.0,67638.0,1649.0,2306.0,77321.0,65332.0,8556.0,4799.0,316.,Saarland,LK,"9,08","9,21","9,21",9.16,9.06,9.11,both
362,St. Wendel,10.0,72330.0,74441.0,53802.0,48723.0,1396.0,2036.0,52406.0,46687.0,4170.0,2743.0,340.,Saarland,LK,"7,87","8,01","7,98",7.86,7.79,7.86,both
363,Berlin,11.0,2508435.0,2519758.0,1520678.0,1177832.0,13321.0,18166.0,1507357.0,1159666.0,149177.0,91759.0,34.,Berlin,KS,"13,12","13,02","12,99",12.74,12.63,12.42,both
364,Brandenburg an der Havel,12.0,58801.0,60560.0,28624.0,22078.0,440.0,649.0,28184.0,21429.0,4909.0,1671.0,46.,Brandenburg,KS,"15,36","15,69","15,97",16.05,15.91,15.72,both
365,Cottbus,12.0,78559.0,82908.0,45012.0,33305.0,717.0,732.0,44295.0,32573.0,10911.0,3175.0,61.,Brandenburg,KS,"11,08","11,21","11,2",11.41,11.65,11.39,both
366,Frankfurt (Oder),12.0,44982.0,47810.0,22986.0,19836.0,341.0,451.0,22645.0,19385.0,4698.0,2482.0,103.,Brandenburg,KS,"12,77","12,72","12,7",12.75,12.64,12.61,both
367,Potsdam,12.0,135094.0,128782.0,86270.0,63897.0,719.0,961.0,85551.0,62936.0,9322.0,4544.0,279.,Brandenburg,KS,"9,24","9,14","9,14",9.09,8.99,8.92,both
368,Barnim,12.0,151574.0,148233.0,88868.0,66884.0,1434.0,1571.0,87434.0,65313.0,17216.0,5429.0,28.,Brandenburg,LK,"9,84","9,74","9,7",9.73,9.6,9.55,both
369,Dahme-Spreewald,12.0,136836.0,134573.0,86332.0,68953.0,1639.0,2069.0,84693.0,66884.0,17545.0,6041.0,64.,Brandenburg,LK,"9,52","9,59","9,6",9.67,9.44,9.19,both
370,Elbe-Elster,12.0,86352.0,91556.0,51949.0,46495.0,1212.0,1957.0,50737.0,44538.0,12538.0,3226.0,86.,Brandenburg,LK,"8,51","8,61","8,67",8.91,8.92,8.99,both
371,Havelland,12.0,131243.0,127809.0,78129.0,58800.0,1091.0,1333.0,77038.0,57467.0,13798.0,5424.0,138.,Brandenburg,LK,"10,33","10,46","10,48",10.54,10.39,10.29,both
372,Märkisch-Oderland,12.0,159898.0,158572.0,95162.0,72311.0,1653.0,2075.0,93509.0,70236.0,19763.0,6227.0,215.,Brandenburg,LK,"9,88","10,02","9,88",10.03,9.87,9.84,both
373,Oberhavel,12.0,172533.0,169019.0,105536.0,79699.0,1600.0,1768.0,103936.0,77931.0,19441.0,7233.0,253.,Brandenburg,LK,"10,12","10,15","10,08",10.04,9.67,9.49,both
374,Oberspreewald-Lausitz,12.0,92588.0,98281.0,52558.0,45553.0,1167.0,1546.0,51391.0,44007.0,13596.0,3622.0,254.,Brandenburg,LK,"9,13","9,21","9,28",9.39,9.41,9.41,both
375,Oder-Spree,12.0,148367.0,150759.0,87721.0,74071.0,1583.0,2114.0,86138.0,71957.0,19212.0,7100.0,256.,Brandenburg,LK,"9,44","9,53","9,55",9.67,9.46,9.52,both
376,Ostprignitz-Ruppin,12.0,82700.0,84740.0,44207.0,35720.0,793.0,1036.0,43414.0,34684.0,7822.0,2323.0,269.,Brandenburg,LK,"11,79","11,96","11,99",12.45,12.46,12.27,both
377,Potsdam-Mittelmark,12.0,172790.0,168741.0,113815.0,89615.0,1823.0,2518.0,111992.0,87097.0,16468.0,6826.0,280.,Brandenburg,LK,"7,9","7,84","7,91",7.87,7.65,7.55,both
378,Prignitz,12.0,64169.0,67372.0,35814.0,28594.0,661.0,754.0,35153.0,27840.0,6730.0,1675.0,281.,Brandenburg,LK,"10,52","10,8","10,91",11.27,11.39,11.41,both
379,Spree-Neiße,12.0,96700.0,102604.0,59372.0,50375.0,1260.0,1832.0,58112.0,48543.0,17945.0,4634.0,339.,Brandenburg,LK,"8,87","9,07","9,12",9.34,9.34,9.38,both
380,Teltow-Fläming,12.0,135562.0,133945.0,81353.0,59484.0,1476.0,1679.0,79877.0,57805.0,15401.0,4921.0,353.,Brandenburg,LK,"10,81","10,88","10,93",10.79,10.63,10.54,both
381,Uckermark,12.0,99858.0,103892.0,54388.0,45439.0,1039.0,1518.0,53349.0,43921.0,11102.0,2818.0,360.,Brandenburg,LK,"9,57","9,85","9,85",10.24,10.29,10.23,both
382,Rostock,13.0,168169.0,169595.0,101031.0,69529.0,1356.0,1319.0,99675.0,68210.0,12351.0,5278.0,306.,Mecklenburg-Vorpommern,KS,"11,46","11,34","11,11",11.0,10.79,10.64,both
383,Schwerin,13.0,75984.0,77683.0,44832.0,35046.0,530.0,675.0,44302.0,34371.0,6986.0,2476.0,330.,Mecklenburg-Vorpommern,KS,"13,42","13,8","14,11",13.95,13.47,13.55,both
384,Mecklenburgische Seenplatte,13.0,215869.0,223761.0,119010.0,102925.0,2513.0,3819.0,116497.0,99106.0,22803.0,6087.0,217.,Mecklenburg-Vorpommern,LK,"10,5","10,73","10,38",10.43,10.35,10.32,both
385,Landkreis Rostock,13.0,175793.0,177347.0,107583.0,85498.0,2118.0,2734.0,105465.0,82764.0,18147.0,5551.0,185.,Mecklenburg-Vorpommern,LK,"10,05","10,09","9,7",10.01,9.91,9.84,both
386,Vorpommern-Rügen,13.0,185938.0,190192.0,103257.0,85889.0,2437.0,3254.0,100820.0,82635.0,19721.0,6643.0,372.,Mecklenburg-Vorpommern,LK,"10,72","11,02","10,72",10.95,10.88,10.92,both
387,Nordwestmecklenburg,13.0,127880.0,129198.0,77174.0,62945.0,1722.0,2228.0,75452.0,60717.0,11945.0,4147.0,246.,Mecklenburg-Vorpommern,LK,"10,2","10,33","10,33",10.51,10.5,10.48,both
388,Vorpommern-Greifswald,13.0,193787.0,199588.0,111752.0,96207.0,2550.0,3710.0,109202.0,92497.0,23749.0,7254.0,371.,Mecklenburg-Vorpommern,LK,"9,78","9,96","9,54",9.73,9.71,10.02,both
389,Ludwigslust-Parchim,13.0,172741.0,177406.0,104441.0,91000.0,2239.0,3347.0,102202.0,87653.0,17503.0,5112.0,202.,Mecklenburg-Vorpommern,LK,"9,59","9,86","9,74",10.0,10.11,10.19,both
390,Chemnitz,14.0,193089.0,200626.0,120497.0,89204.0,1542.0,1580.0,118955.0,87624.0,27980.0,8508.0,55.,Sachsen,KS,"10,22","10,66","11,15",11.39,11.57,11.78,both
391,Erzgebirgskreis,14.0,283006.0,299341.0,182031.0,154945.0,4611.0,5962.0,177420.0,148983.0,49827.0,16912.0,96.,Sachsen,LK,"6,85","7,42","7,85",7.99,8.15,8.09,both
392,Mittelsachsen,14.0,251968.0,266103.0,161854.0,137384.0,3457.0,4679.0,158397.0,132705.0,45066.0,12489.0,225.,Sachsen,LK,"8,14","8,51","8,89",9.18,9.31,9.19,both
393,Vogtlandkreis,14.0,189613.0,200127.0,115940.0,96630.0,2524.0,3140.0,113416.0,93490.0,27082.0,9510.0,370.,Sachsen,LK,"9,35",10,"10,39",10.41,10.43,10.24,both
394,Zwickau,14.0,264125.0,279269.0,159475.0,129666.0,3549.0,4069.0,155926.0,125597.0,37609.0,12066.0,401.,Sachsen,LK,"8,62","9,18","9,58",9.79,9.9,9.79,both
395,Dresden,14.0,428979.0,431526.0,294298.0,232079.0,2881.0,3648.0,291417.0,228431.0,57588.0,21693.0,77.,Sachsen,KS,"8,91","8,95","9,25",9.43,9.39,9.27,both
396,Bautzen,14.0,249292.0,260686.0,162461.0,136092.0,4072.0,4573.0,158389.0,131519.0,50797.0,14230.0,29.,Sachsen,LK,"7,14","7,45","7,77",8.01,8.11,8.1,both
397,Görlitz,14.0,209406.0,221577.0,132908.0,110824.0,3264.0,4163.0,129644.0,106661.0,41988.0,12584.0,121.,Sachsen,LK,"7,61","8,04","8,33",8.67,8.86,8.94,both
398,Meißen,14.0,199321.0,205737.0,128305.0,104260.0,2606.0,3174.0,125699.0,101086.0,39018.0,12292.0,218.,Sachsen,LK,"8,02","8,35","8,62",8.93,9.01,9.05,both
399,Sächsische Schweiz-Osterzgebirge,14.0,201720.0,206844.0,135002.0,111731.0,2860.0,3468.0,132142.0,108263.0,43478.0,13574.0,317.,Sachsen,LK,"7,44","7,81","7,97",8.31,8.33,8.32,both
400,Leipzig,14.0,454329.0,434618.0,279855.0,185252.0,3360.0,3382.0,276495.0,181870.0,42954.0,15277.0,190.,Sachsen,LK,"9,32","9,5","9,83",9.94,9.97,9.95,both
401,Leipzig,14.0,454329.0,434618.0,279855.0,185252.0,3360.0,3382.0,276495.0,181870.0,42954.0,15277.0,191.,Sachsen,KS,"12,91","13,04","13,33",13.5,13.43,13.17,both
402,Leipzig,14.0,213888.0,218976.0,132163.0,105298.0,2783.0,3096.0,129380.0,102202.0,32594.0,9171.0,190.,Sachsen,LK,"9,32","9,5","9,83",9.94,9.97,9.95,both
403,Leipzig,14.0,213888.0,218976.0,132163.0,105298.0,2783.0,3096.0,129380.0,102202.0,32594.0,9171.0,191.,Sachsen,KS,"12,91","13,04","13,33",13.5,13.43,13.17,both
404,Nordsachsen,14.0,162384.0,167553.0,94871.0,75879.0,2339.0,2553.0,92532.0,73326.0,24687.0,5957.0,245.,Sachsen,LK,"10,14","10,32","10,53",10.97,11.2,11.28,both
405,Dessau-Roßlau,15.0,66949.0,71682.0,36512.0,33690.0,798.0,859.0,35714.0,32831.0,7303.0,2689.0,69.,Sachsen-Anhalt,KS,"12,29","12,44","12,64",12.76,12.82,12.87,both
406,Halle (Saale),15.0,185329.0,190680.0,106938.0,77432.0,1561.0,1376.0,105377.0,76056.0,16930.0,5379.0,131.,Sachsen-Anhalt,KS,"17,57","17,34","17,13",16.85,16.43,16.35,both
407,Magdeburg,15.0,188108.0,193706.0,102815.0,74684.0,1615.0,1533.0,101200.0,73151.0,16283.0,5063.0,204.,Sachsen-Anhalt,KS,"14,64","14,76","14,89",14.8,14.63,14.51,both
408,Altmarkkreis Salzwedel,15.0,69354.0,73088.0,38977.0,33174.0,889.0,1062.0,38088.0,32112.0,6538.0,1622.0,7.,Sachsen-Anhalt,LK,"11,85","11,79","11,7",12.1,12.31,12.28,both
409,Anhalt-Bitterfeld,15.0,135013.0,143863.0,71757.0,61292.0,1860.0,2275.0,69897.0,59017.0,15786.0,4761.0,13.,Sachsen-Anhalt,LK,"11,62","11,79",12,12.25,12.48,12.66,both
410,Börde,15.0,142547.0,147327.0,76206.0,63238.0,1665.0,2382.0,74541.0,60856.0,15221.0,3274.0,43.,Sachsen-Anhalt,LK,"10,62","10,76","10,6",10.71,10.71,10.76,both
411,Burgenlandkreis,15.0,148580.0,158118.0,82394.0,72570.0,2136.0,2462.0,80258.0,70108.0,19749.0,4813.0,51.,Sachsen-Anhalt,LK,"10,74","11,04","11,27",11.43,11.54,11.56,both
412,Harz,15.0,182756.0,191721.0,97792.0,78141.0,2355.0,2534.0,95437.0,75607.0,17111.0,4123.0,136.,Sachsen-Anhalt,LK,"11,99","12,42","12,32",12.51,12.39,12.34,both
413,Jerichower Land,15.0,75723.0,79325.0,41481.0,38036.0,1135.0,1405.0,40346.0,36631.0,7831.0,1850.0,162.,Sachsen-Anhalt,LK,"11,74","11,82","11,58",11.9,11.88,11.94,both
414,Mansfeld-Südharz,15.0,115994.0,124226.0,62291.0,56178.0,1754.0,2231.0,60537.0,53947.0,15312.0,3284.0,212.,Sachsen-Anhalt,LK,"11,27","11,62","11,81",12.2,12.22,12.16,both
415,Saalekreis,15.0,154540.0,161167.0,88259.0,72070.0,2306.0,2581.0,85953.0,69489.0,20915.0,4687.0,312.,Sachsen-Anhalt,LK,"11,3","11,45","11,49",11.66,11.6,11.59,both
416,Salzlandkreis,15.0,161192.0,171435.0,80658.0,69598.0,2206.0,2607.0,78452.0,66991.0,16992.0,3559.0,319.,Sachsen-Anhalt,LK,"12,33","12,54","12,62",12.86,12.95,13.1,both
417,Stendal,15.0,93514.0,97915.0,50842.0,41907.0,1044.0,1403.0,49798.0,40504.0,9638.0,2132.0,345.,Sachsen-Anhalt,LK,"11,92","12,15","12,17",12.49,12.42,12.33,both
418,Wittenberg,15.0,106738.0,112612.0,61436.0,52604.0,1520.0,1899.0,59916.0,50705.0,13075.0,3369.0,390.,Sachsen-Anhalt,LK,"9,96","10,29","10,23",10.42,10.48,10.56,both
419,Erfurt,16.0,165659.0,167978.0,100627.0,80621.0,1454.0,1513.0,99173.0,79108.0,16672.0,5731.0,93.,Thüringen,KS,"11,48","11,45","11,4",11.29,11.17,11.19,both
420,Gera,16.0,76771.0,81727.0,43578.0,35553.0,702.0,837.0,42876.0,34716.0,12698.0,3875.0,116.,Thüringen,KS,"11,62","11,9","11,88",11.84,11.77,11.85,both
421,Jena,16.0,82364.0,84679.0,53518.0,44245.0,575.0,583.0,52943.0,43662.0,6738.0,2968.0,161.,Thüringen,KS,"5,81","5,7","5,73",5.87,5.94,5.91,both
422,Suhl,16.0,30717.0,33385.0,17351.0,15066.0,292.0,354.0,17059.0,14712.0,3146.0,1157.0,352.,Thüringen,KS,"10,03","10,11","10,26",10.37,10.55,10.81,both
423,Weimar,16.0,49921.0,50930.0,31460.0,25440.0,403.0,457.0,31057.0,24983.0,4350.0,1414.0,380.,Thüringen,KS,"10,79","10,49","10,58",10.63,10.75,10.74,both
424,Eisenach,16.0,33008.0,34353.0,19656.0,17736.0,315.0,319.0,19341.0,17417.0,3874.0,879.0,85.,Thüringen,KS,"11,87","12,16","12,24",12.23,12.06,11.91,both
425,Eichsfeld,16.0,80973.0,83965.0,53326.0,48132.0,935.0,1208.0,52391.0,46924.0,9786.0,2775.0,82.,Thüringen,LK,"6,19","6,27","6,34",6.33,6.32,6.14,both
426,Nordhausen,16.0,69807.0,72675.0,41083.0,35305.0,793.0,962.0,40290.0,34343.0,8992.0,1901.0,244.,Thüringen,LK,"9,47","9,82","9,81",10.04,10.19,10.42,both
427,Wartburgkreis,16.0,98890.0,104301.0,61886.0,56774.0,1348.0,1680.0,60538.0,55094.0,13890.0,3460.0,377.,Thüringen,LK,"7,53","7,68","7,86",8.01,8.05,8.01,both
428,Unstrut-Hainich-Kreis,16.0,84351.0,88204.0,50181.0,43760.0,1072.0,1302.0,49109.0,42458.0,11351.0,2607.0,364.,Thüringen,LK,"9,8","9,95","9,79",9.96,9.91,10.21,both
429,Kyffhäuserkreis,16.0,63063.0,66767.0,37495.0,34500.0,1049.0,1164.0,36446.0,33336.0,8471.0,1636.0,182.,Thüringen,LK,"10,88","10,97",11,11.4,11.4,11.56,both
430,Schmalkalden-Meiningen,16.0,104437.0,110551.0,63883.0,57607.0,1456.0,1757.0,62427.0,55850.0,13895.0,3728.0,322.,Thüringen,LK,"8,92","9,11",9,9.44,9.54,9.54,both
431,Gotha,16.0,107910.0,112936.0,64599.0,58637.0,1409.0,1705.0,63190.0,56932.0,14385.0,4272.0,123.,Thüringen,LK,"9,66","9,73","9,88",10.32,10.45,10.59,both
432,Sömmerda,16.0,57450.0,59940.0,35151.0,32190.0,828.0,1121.0,34323.0,31069.0,8493.0,2106.0,336.,Thüringen,LK,"9,03","9,21","9,22",9.49,9.47,9.54,both
433,Hildburghausen,16.0,52476.0,55364.0,33914.0,29043.0,719.0,849.0,33195.0,28194.0,8030.0,1851.0,150.,Thüringen,LK,"8,01","8,25","8,11",8.27,8.35,8.59,both
434,Ilm-Kreis,16.0,85619.0,89599.0,54305.0,47319.0,1113.0,1543.0,53192.0,45776.0,13419.0,4515.0,159.,Thüringen,LK,"9,18","9,21","9,27",9.5,9.49,9.57,both
435,Weimarer Land,16.0,66547.0,68439.0,43772.0,38718.0,919.0,1143.0,42853.0,37575.0,10449.0,2797.0,381.,Thüringen,LK,"9,3","9,36","9,37",9.54,9.49,9.46,both
436,Sonneberg,16.0,48378.0,51674.0,27807.0,24489.0,524.0,855.0,27283.0,23634.0,7206.0,1616.0,337.,Thüringen,LK,"8,83","8,81","8,71",8.82,8.87,8.93,both
437,Saalfeld-Rudolstadt,16.0,88342.0,93580.0,53882.0,47555.0,1034.0,1405.0,52848.0,46150.0,14592.0,4107.0,314.,Thüringen,LK,"7,45","7,81","7,92",8.11,8.18,8.23,both
438,Saale-Holzland-Kreis,16.0,68278.0,70654.0,45101.0,41321.0,1003.0,1171.0,44098.0,40150.0,10210.0,3920.0,311.,Thüringen,LK,"7,4","7,4","7,34",7.46,7.43,7.5,both
439,Saale-Orla-Kreis,16.0,67029.0,71195.0,42514.0,38529.0,884.0,1181.0,41630.0,37348.0,11264.0,3114.0,313.,Thüringen,LK,"7,48","7,56","7,47",7.56,7.52,7.47,both
440,Greiz,16.0,82940.0,88102.0,53197.0,48740.0,1139.0,1551.0,52058.0,47189.0,13297.0,4559.0,126.,Thüringen,LK,"7,42","7,77","7,84",7.96,7.8,7.76,both
441,Altenburger Land,16.0,75936.0,80935.0,42954.0,39093.0,1053.0,1436.0,41901.0,37657.0,11371.0,3023.0,5.,Thüringen,LK,"8,29","8,66","8,72",8.84,8.87,8.95,both
