region,total_suspects_2018,foreign_suspects_2018,f_crime_2018,total_suspects_2017,foreign_suspects_2017,f_crime_2017,total_suspects_2016,foreign_suspects_2016,f_crime_2016,total_suspects_2015,foreign_suspects_2015,f_crime_2015,total_suspects_2014,foreign_suspects_2014,f_crime_2014,total_suspects_2013,foreign_suspects_2013,f_crime_2013,total_suspects_2012,foreign_suspects_2012,f_crime_2012
1001.0,235,87,37.0,280,97,34.6,246.0,70.0,28.5,243.0,79.0,32.5,233.0,66.0,28.3,207.0,45.0,21.7,277.0,42.0,15.2
1002.0,479,145,30.3,487,164,33.7,443.0,143.0,32.3,484.0,128.0,26.4,463.0,80.0,17.3,439.0,113.0,25.7,490.0,95.0,19.4
1003.0,525,133,25.3,621,163,26.2,640.0,172.0,26.9,518.0,121.0,23.4,512.0,109.0,21.3,509.0,85.0,16.7,526.0,101.0,19.2
1004.0,293,122,41.6,254,86,33.9,240.0,103.0,42.9,256.0,81.0,31.6,241.0,59.0,24.5,241.0,54.0,22.4,247.0,45.0,18.2
1051.0,167,45,26.9,176,31,17.6,196.0,56.0,28.6,172.0,21.0,12.2,167.0,19.0,11.4,151.0,25.0,16.6,227.0,23.0,10.1
1053.0,248,63,25.4,300,105,35.0,304.0,94.0,30.9,295.0,92.0,31.2,304.0,82.0,27.0,273.0,52.0,19.0,290.0,53.0,18.3
1054.0,215,39,18.1,199,32,16.1,179.0,31.0,17.3,165.0,29.0,17.6,183.0,31.0,16.9,169.0,20.0,11.8,214.0,29.0,13.6
1055.0,256,61,23.8,286,65,22.7,297.0,76.0,25.6,286.0,77.0,26.9,295.0,49.0,16.6,249.0,53.0,21.3,276.0,43.0,15.6
1056.0,375,137,36.5,407,158,38.8,431.0,167.0,38.7,450.0,160.0,35.6,497.0,180.0,36.2,417.0,132.0,31.7,452.0,120.0,26.5
1057.0,126,25,19.8,101,28,27.7,121.0,25.0,20.7,105.0,27.0,25.7,122.0,18.0,14.8,119.0,15.0,12.6,108.0,13.0,12.0
1058.0,333,74,22.2,356,101,28.4,393.0,104.0,26.5,302.0,71.0,23.5,338.0,49.0,14.5,310.0,43.0,13.9,338.0,40.0,11.8
1059.0,191,36,18.8,214,56,26.2,200.0,40.0,20.0,177.0,44.0,24.9,179.0,23.0,12.8,197.0,16.0,8.1,255.0,39.0,15.3
1060.0,385,137,35.6,297,78,26.3,401.0,134.0,33.4,381.0,113.0,29.7,357.0,93.0,26.1,338.0,88.0,26.0,367.0,74.0,20.2
1061.0,194,56,28.9,192,58,30.2,183.0,54.0,29.5,169.0,44.0,26.0,171.0,23.0,13.5,145.0,16.0,11.0,202.0,27.0,13.4
1062.0,279,79,28.3,343,99,28.9,325.0,124.0,38.2,314.0,104.0,33.1,303.0,88.0,29.0,309.0,59.0,19.1,317.0,77.0,24.3
2000.0,3908,1944,49.7,4088,2026,49.6,4720.0,2495.0,52.9,4866.0,2482.0,51.0,4525.0,2134.0,47.2,4387.0,1975.0,45.0,4364.0,1787.0,40.9
3101.0,516,192,37.2,680,233,34.3,681.0,295.0,43.3,751.0,286.0,38.1,652.0,209.0,32.1,630.0,172.0,27.3,624.0,172.0,27.6
3102.0,182,64,35.2,191,62,32.5,170.0,64.0,37.6,133.0,30.0,22.6,172.0,49.0,28.5,180.0,36.0,20.0,214.0,42.0,19.6
3103.0,202,78,38.6,229,92,40.2,258.0,109.0,42.2,228.0,89.0,39.0,218.0,60.0,27.5,214.0,44.0,20.6,217.0,49.0,22.6
3151.0,250,76,30.4,226,37,16.4,265.0,79.0,29.8,247.0,74.0,30.0,288.0,81.0,28.1,301.0,62.0,20.6,332.0,57.0,17.2
3153.0,250,66,26.4,305,58,19.0,269.0,59.0,21.9,290.0,61.0,21.0,338.0,83.0,24.6,286.0,52.0,18.2,306.0,49.0,16.0
3154.0,178,38,21.3,151,47,31.1,178.0,60.0,33.7,206.0,68.0,33.0,190.0,60.0,31.6,179.0,22.0,12.3,180.0,32.0,17.8
3155.0,225,51,22.7,239,60,25.1,281.0,84.0,29.9,233.0,65.0,27.9,216.0,46.0,21.3,229.0,38.0,16.6,237.0,49.0,20.7
3157.0,161,55,34.2,163,62,38.0,189.0,68.0,36.0,181.0,65.0,35.9,170.0,44.0,25.9,194.0,53.0,27.3,222.0,41.0,18.5
3158.0,122,46,37.7,136,27,19.9,126.0,39.0,31.0,139.0,29.0,20.9,140.0,34.0,24.3,130.0,14.0,10.8,145.0,24.0,16.6
3159.0,586,175,29.9,749,234,31.2,605.0,179.0,29.586776859504134,673.0,205.0,30.460624071322435,621.0,142.0,22.86634460547504,662.0,159.0,24.018126888217523,776.0,160.0,20.618556701030926
3241.0,2645,1104,41.7,2865,1150,40.1,3477.0,1492.0,42.9,3239.0,1287.0,39.7,3160.0,1135.0,35.9,3149.0,991.0,31.5,2964.0,851.0,28.7
3251.0,364,112,30.8,372,113,30.4,400.0,144.0,36.0,362.0,105.0,29.0,355.0,115.0,32.4,373.0,101.0,27.1,458.0,113.0,24.7
3252.0,284,98,34.5,297,83,27.9,331.0,101.0,30.5,315.0,100.0,31.7,330.0,85.0,25.8,317.0,59.0,18.6,323.0,79.0,24.5
3254.0,448,144,32.1,477,140,29.4,557.0,182.0,32.7,496.0,121.0,24.4,477.0,123.0,25.8,495.0,104.0,21.0,543.0,94.0,17.3
3255.0,136,30,22.1,146,48,32.9,124.0,22.0,17.7,143.0,28.0,19.6,123.0,17.0,13.8,100.0,17.0,17.0,124.0,20.0,16.1
3256.0,177,50,28.2,190,62,32.6,210.0,52.0,24.8,204.0,44.0,21.6,211.0,48.0,22.7,196.0,41.0,20.9,203.0,39.0,19.2
3257.0,238,71,29.8,260,89,34.2,295.0,99.0,33.6,306.0,95.0,31.0,281.0,91.0,32.4,304.0,63.0,20.7,290.0,65.0,22.4
3351.0,364,86,23.6,395,96,24.3,400.0,113.0,28.3,389.0,82.0,21.1,453.0,105.0,23.2,427.0,73.0,17.1,437.0,91.0,20.8
3352.0,287,93,32.4,316,99,31.3,288.0,92.0,31.9,312.0,67.0,21.5,334.0,64.0,19.2,324.0,51.0,15.7,385.0,74.0,19.2
3353.0,367,159,43.3,350,145,41.4,469.0,240.0,51.2,500.0,234.0,46.8,435.0,141.0,32.4,483.0,175.0,36.2,415.0,110.0,26.5
3354.0,102,20,19.6,67,10,14.9,76.0,14.0,18.4,92.0,9.0,9.8,82.0,14.0,17.1,92.0,8.0,8.7,117.0,6.0,5.1
3355.0,406,104,25.6,410,123,30.0,372.0,120.0,32.3,430.0,95.0,22.1,418.0,82.0,19.6,456.0,66.0,14.5,431.0,64.0,14.8
3356.0,126,41,32.5,192,79,41.1,215.0,68.0,31.6,223.0,55.0,24.7,225.0,50.0,22.2,243.0,65.0,26.7,227.0,45.0,19.8
3357.0,277,89,32.1,332,87,26.2,359.0,114.0,31.8,395.0,125.0,31.6,373.0,76.0,20.4,425.0,83.0,19.5,394.0,78.0,19.8
3358.0,444,183,41.2,493,216,43.8,410.0,162.0,39.5,378.0,119.0,31.5,420.0,136.0,32.4,354.0,66.0,18.6,386.0,75.0,19.4
3359.0,302,105,34.8,372,128,34.4,340.0,108.0,31.8,356.0,109.0,30.6,371.0,94.0,25.3,376.0,92.0,24.5,356.0,48.0,13.5
3360.0,156,47,30.1,190,50,26.3,190.0,49.0,25.8,191.0,43.0,22.5,154.0,18.0,11.7,168.0,36.0,21.4,169.0,19.0,11.2
3361.0,284,109,38.4,277,108,39.0,307.0,125.0,40.7,297.0,89.0,30.0,316.0,106.0,33.5,248.0,78.0,31.5,339.0,80.0,23.6
3401.0,196,74,37.8,165,65,39.4,174.0,75.0,43.1,199.0,96.0,48.2,220.0,94.0,42.7,216.0,87.0,40.3,228.0,65.0,28.5
3402.0,95,27,28.4,123,35,28.5,105.0,27.0,25.7,129.0,24.0,18.6,110.0,17.0,15.5,106.0,13.0,12.3,125.0,12.0,9.6
3403.0,365,106,29.0,437,128,29.3,430.0,109.0,25.3,320.0,100.0,31.3,382.0,97.0,25.4,439.0,82.0,18.7,474.0,98.0,20.7
3404.0,387,137,35.4,468,190,40.6,428.0,140.0,32.7,475.0,171.0,36.0,478.0,148.0,31.0,597.0,179.0,30.0,540.0,141.0,26.1
3405.0,293,66,22.5,343,64,18.7,305.0,63.0,20.7,343.0,57.0,16.6,336.0,45.0,13.4,270.0,34.0,12.6,286.0,30.0,10.5
3451.0,122,28,23.0,127,24,18.9,164.0,55.0,33.5,147.0,34.0,23.1,161.0,35.0,21.7,146.0,26.0,17.8,178.0,32.0,18.0
3452.0,307,53,17.3,341,46,13.5,351.0,62.0,17.7,361.0,47.0,13.0,342.0,25.0,7.3,344.0,45.0,13.1,338.0,38.0,11.2
3453.0,186,57,30.6,190,71,37.4,251.0,103.0,41.0,194.0,45.0,23.2,252.0,77.0,30.6,252.0,78.0,31.0,266.0,68.0,25.6
3454.0,472,179,37.9,438,137,31.3,539.0,172.0,31.9,551.0,184.0,33.4,559.0,134.0,24.0,581.0,136.0,23.4,558.0,108.0,19.4
3455.0,164,19,11.6,180,41,22.8,169.0,40.0,23.7,193.0,23.0,11.9,237.0,39.0,16.5,220.0,13.0,5.9,245.0,30.0,12.2
3456.0,194,70,36.1,188,62,33.0,202.0,80.0,39.6,198.0,79.0,39.9,240.0,103.0,42.9,174.0,53.0,30.5,205.0,66.0,32.2
3457.0,210,47,22.4,264,47,17.8,261.0,52.0,19.9,246.0,71.0,28.9,220.0,38.0,17.3,265.0,46.0,17.4,255.0,36.0,14.1
3458.0,154,61,39.6,194,73,37.6,226.0,85.0,37.6,191.0,48.0,25.1,196.0,62.0,31.6,188.0,56.0,29.8,244.0,46.0,18.9
3459.0,447,148,33.1,465,155,33.3,563.0,159.0,28.2,499.0,167.0,33.5,533.0,164.0,30.8,500.0,153.0,30.6,527.0,139.0,26.4
3460.0,197,91,46.2,192,84,43.8,199.0,80.0,40.2,185.0,82.0,44.3,211.0,75.0,35.5,248.0,87.0,35.1,230.0,61.0,26.5
3461.0,160,40,25.0,137,40,29.2,153.0,37.0,24.2,152.0,28.0,18.4,178.0,35.0,19.7,185.0,33.0,17.8,197.0,29.0,14.7
3462.0,108,23,21.3,95,10,10.5,104.0,23.0,22.1,77.0,11.0,14.3,100.0,9.0,9.0,87.0,9.0,10.3,100.0,5.0,5.0
4011.0,1255,628,50.0,1554,757,48.7,1742.0,794.0,45.6,1452.0,688.0,47.4,1582.0,662.0,41.8,1691.0,652.0,38.6,1786.0,665.0,37.2
4012.0,293,109,37.2,301,104,34.6,566.0,341.0,60.2,370.0,128.0,34.6,347.0,123.0,35.4,399.0,110.0,27.6,431.0,89.0,20.6
5111.0,1221,607,49.7,1314,681,51.8,1465.0,826.0,56.4,1488.0,867.0,58.3,1599.0,837.0,52.3,1615.0,811.0,50.2,1592.0,746.0,46.9
5112.0,901,408,45.3,1066,483,45.3,1190.0,584.0,49.1,1127.0,546.0,48.4,1093.0,518.0,47.4,1075.0,498.0,46.3,1081.0,461.0,42.6
5113.0,945,435,46.0,953,393,41.2,1206.0,643.0,53.3,1269.0,637.0,50.2,1101.0,492.0,44.7,1085.0,432.0,39.8,1125.0,420.0,37.3
5114.0,505,179,35.4,529,198,37.4,497.0,227.0,45.7,452.0,204.0,45.1,1358.0,273.0,20.1,518.0,181.0,34.9,527.0,192.0,36.4
5116.0,418,166,39.7,423,184,43.5,481.0,171.0,35.6,580.0,229.0,39.5,488.0,174.0,35.7,499.0,162.0,32.5,545.0,157.0,28.8
5117.0,192,98,51.0,232,106,45.7,286.0,156.0,54.5,286.0,138.0,48.3,261.0,112.0,42.9,244.0,101.0,41.4,309.0,125.0,40.5
5119.0,331,136,41.1,327,127,38.8,454.0,200.0,44.1,458.0,216.0,47.2,403.0,157.0,39.0,447.0,181.0,40.5,440.0,166.0,37.7
5120.0,187,63,33.7,188,72,38.3,162.0,77.0,47.5,214.0,91.0,42.5,205.0,84.0,41.0,239.0,91.0,38.1,207.0,59.0,28.5
5122.0,202,60,29.7,269,111,41.3,232.0,100.0,43.1,245.0,100.0,40.8,245.0,109.0,44.5,259.0,97.0,37.5,276.0,102.0,37.0
5124.0,667,269,40.3,759,333,43.9,802.0,341.0,42.5,1253.0,593.0,47.3,836.0,391.0,46.8,819.0,334.0,40.8,721.0,267.0,37.0
5154.0,434,186,42.9,413,154,37.3,457.0,218.0,47.7,467.0,229.0,49.0,373.0,130.0,34.9,417.0,155.0,37.2,431.0,151.0,35.0
5158.0,733,281,38.3,685,271,39.6,889.0,408.0,45.9,821.0,369.0,44.9,914.0,358.0,39.2,823.0,336.0,40.8,730.0,228.0,31.2
5162.0,535,212,39.6,625,263,42.1,741.0,318.0,42.9,704.0,324.0,46.0,649.0,228.0,35.1,606.0,208.0,34.3,639.0,199.0,31.1
5166.0,392,143,36.5,397,145,36.5,409.0,175.0,42.8,382.0,163.0,42.7,439.0,144.0,32.8,387.0,116.0,30.0,392.0,140.0,35.7
5170.0,536,183,34.1,609,220,36.1,748.0,322.0,43.0,743.0,274.0,36.9,746.0,235.0,31.5,788.0,264.0,33.5,801.0,238.0,29.7
5314.0,657,268,40.8,693,277,40.0,732.0,300.0,41.0,733.0,285.0,38.9,771.0,270.0,35.0,711.0,205.0,28.8,703.0,226.0,32.1
5315.0,2911,1366,46.9,3109,1562,50.2,3441.0,1707.0,49.6,3541.0,1853.0,52.3,3581.0,1829.0,51.1,3394.0,1499.0,44.2,3376.0,1439.0,42.6
5316.0,405,131,32.3,425,151,35.5,388.0,145.0,37.4,409.0,177.0,43.3,432.0,158.0,36.6,419.0,138.0,32.9,413.0,146.0,35.4
5334.0,922,359,38.9,918,356,38.8,1032.0,427.0,41.4,1039.0,426.0,41.0,1024.0,408.0,39.8,1060.0,394.0,37.2,1081.0,348.0,32.2
5358.0,440,134,30.5,405,141,34.8,520.0,202.0,38.8,455.0,181.0,39.8,459.0,144.0,31.4,472.0,123.0,26.1,537.0,138.0,25.7
5362.0,715,287,40.1,752,303,40.3,860.0,368.0,42.8,919.0,375.0,40.8,770.0,291.0,37.8,761.0,268.0,35.2,804.0,234.0,29.1
5366.0,236,61,25.8,264,85,32.2,300.0,107.0,35.7,279.0,107.0,38.4,264.0,59.0,22.3,239.0,59.0,24.7,247.0,67.0,27.1
5370.0,323,110,34.1,276,88,31.9,333.0,98.0,29.4,374.0,132.0,35.3,341.0,109.0,32.0,318.0,87.0,27.4,345.0,83.0,24.1
5374.0,415,98,23.6,352,123,34.9,408.0,140.0,34.3,365.0,124.0,34.0,397.0,127.0,32.0,348.0,93.0,26.7,389.0,129.0,33.2
5378.0,324,134,41.4,309,92,29.8,384.0,153.0,39.8,389.0,171.0,44.0,351.0,132.0,37.6,301.0,102.0,33.9,375.0,142.0,37.9
5382.0,595,225,37.8,598,238,39.8,767.0,304.0,39.6,698.0,251.0,36.0,604.0,190.0,31.5,650.0,194.0,29.8,706.0,212.0,30.0
5512.0,149,49,32.9,199,77,38.7,224.0,94.0,42.0,231.0,94.0,40.7,179.0,67.0,37.4,174.0,57.0,32.8,189.0,64.0,33.9
5513.0,488,211,43.2,558,256,45.9,633.0,297.0,46.9,622.0,315.0,50.6,649.0,290.0,44.7,669.0,273.0,40.8,655.0,225.0,34.4
5515.0,569,231,40.6,573,256,44.7,627.0,294.0,46.9,662.0,289.0,43.7,683.0,271.0,39.7,507.0,161.0,31.8,558.0,169.0,30.3
5554.0,621,173,27.9,477,186,39.0,566.0,212.0,37.5,549.0,221.0,40.3,539.0,198.0,36.7,517.0,183.0,35.4,547.0,167.0,30.5
5558.0,282,105,37.2,337,137,40.7,385.0,159.0,41.3,421.0,203.0,48.2,392.0,167.0,42.6,321.0,108.0,33.6,379.0,128.0,33.8
5562.0,1041,366,35.2,968,338,34.9,1110.0,431.0,38.8,1082.0,463.0,42.8,1045.0,360.0,34.4,992.0,300.0,30.2,1072.0,309.0,28.8
5566.0,580,210,36.2,562,200,35.6,601.0,257.0,42.8,551.0,199.0,36.1,613.0,233.0,38.0,688.0,192.0,27.9,615.0,167.0,27.2
5570.0,302,114,37.7,286,118,41.3,383.0,161.0,42.0,366.0,173.0,47.3,369.0,162.0,43.9,309.0,95.0,30.7,344.0,97.0,28.2
5711.0,556,252,45.3,553,240,43.4,614.0,286.0,46.6,666.0,263.0,39.5,627.0,260.0,41.5,610.0,218.0,35.7,584.0,219.0,37.5
5754.0,445,185,41.6,499,224,44.9,589.0,299.0,50.8,560.0,281.0,50.2,460.0,204.0,44.3,442.0,136.0,30.8,506.0,147.0,29.1
5758.0,257,89,34.6,301,99,32.9,269.0,92.0,34.2,302.0,84.0,27.8,306.0,82.0,26.8,314.0,84.0,26.8,295.0,93.0,31.5
5762.0,147,32,21.8,176,49,27.8,192.0,54.0,28.1,201.0,59.0,29.4,203.0,34.0,16.7,213.0,26.0,12.2,199.0,23.0,11.6
5766.0,287,97,33.8,405,143,35.3,400.0,139.0,34.8,379.0,128.0,33.8,385.0,109.0,28.3,419.0,129.0,30.8,422.0,109.0,25.8
5770.0,359,116,32.3,367,122,33.2,397.0,149.0,37.5,359.0,106.0,29.5,331.0,93.0,28.1,343.0,71.0,20.7,343.0,58.0,16.9
5774.0,356,102,28.7,432,144,33.3,541.0,225.0,41.6,427.0,170.0,39.8,463.0,158.0,34.1,423.0,150.0,35.5,471.0,143.0,30.4
5911.0,695,233,33.5,757,245,32.4,870.0,369.0,42.4,949.0,435.0,45.8,981.0,375.0,38.2,871.0,332.0,38.1,926.0,297.0,32.1
5913.0,1298,577,44.5,1517,709,46.7,1735.0,900.0,51.9,1882.0,1020.0,54.2,2002.0,1059.0,52.9,1817.0,838.0,46.1,1678.0,665.0,39.6
5914.0,345,165,47.8,361,168,46.5,444.0,241.0,54.3,405.0,178.0,44.0,446.0,201.0,45.1,423.0,202.0,47.8,382.0,146.0,38.2
5915.0,360,137,38.1,368,157,42.7,353.0,168.0,47.6,328.0,159.0,48.5,277.0,93.0,33.6,292.0,120.0,41.1,310.0,90.0,29.0
5916.0,340,136,40.0,333,157,47.1,372.0,176.0,47.3,387.0,200.0,51.7,371.0,142.0,38.3,349.0,114.0,32.7,324.0,123.0,38.0
5954.0,487,169,34.7,495,156,31.5,549.0,241.0,43.9,500.0,219.0,43.8,524.0,208.0,39.7,485.0,163.0,33.6,514.0,197.0,38.3
5958.0,334,102,30.5,291,91,31.3,314.0,134.0,42.7,309.0,117.0,37.9,338.0,112.0,33.1,364.0,84.0,23.1,365.0,111.0,30.4
5962.0,557,180,32.3,584,214,36.6,658.0,282.0,42.9,698.0,289.0,41.4,770.0,302.0,39.2,691.0,227.0,32.9,715.0,235.0,32.9
5966.0,157,56,35.7,170,72,42.4,194.0,106.0,54.6,191.0,88.0,46.1,179.0,82.0,45.8,163.0,56.0,34.4,190.0,70.0,36.8
5970.0,439,163,37.1,457,182,39.8,483.0,198.0,41.0,511.0,242.0,47.4,517.0,239.0,46.2,468.0,171.0,36.5,390.0,111.0,28.5
5974.0,411,136,33.1,435,153,35.2,489.0,236.0,48.3,426.0,181.0,42.5,543.0,202.0,37.2,489.0,133.0,27.2,472.0,143.0,30.3
5978.0,502,151,30.1,635,203,32.0,624.0,211.0,33.8,612.0,245.0,40.0,652.0,217.0,33.3,682.0,215.0,31.5,654.0,177.0,27.1
6411.0,212,87,41.0,214,97,45.3,213.0,90.0,42.3,199.0,103.0,51.8,269.0,104.0,38.7,240.0,96.0,40.0,309.0,126.0,40.8
6412.0,1617,868,53.7,1768,959,54.2,1961.0,1121.0,57.2,1893.0,1058.0,55.9,2024.0,1066.0,52.7,1748.0,870.0,49.8,1942.0,1000.0,51.5
6413.0,241,132,54.8,246,145,58.9,274.0,141.0,51.5,285.0,176.0,61.8,321.0,180.0,56.1,362.0,208.0,57.5,318.0,164.0,51.6
6414.0,453,190,41.9,495,214,43.2,513.0,193.0,37.6,548.0,239.0,43.6,553.0,241.0,43.6,501.0,196.0,39.1,516.0,218.0,42.2
6431.0,206,99,48.1,198,78,39.4,190.0,81.0,42.6,223.0,98.0,43.9,226.0,86.0,38.1,252.0,80.0,31.7,257.0,94.0,36.6
6432.0,204,102,50.0,241,115,47.7,231.0,124.0,53.7,223.0,108.0,48.4,207.0,92.0,44.4,237.0,88.0,37.1,243.0,88.0,36.2
6433.0,230,102,44.3,274,152,55.5,246.0,135.0,54.9,282.0,162.0,57.4,309.0,141.0,45.6,261.0,130.0,49.8,280.0,135.0,48.2
6434.0,256,109,42.6,310,143,46.1,280.0,148.0,52.9,271.0,146.0,53.9,298.0,129.0,43.3,285.0,125.0,43.9,329.0,155.0,47.1
6435.0,403,177,43.9,362,160,44.2,402.0,183.0,45.5,366.0,146.0,39.9,421.0,175.0,41.6,434.0,179.0,41.2,408.0,171.0,41.9
6436.0,303,137,45.2,249,95,38.2,270.0,120.0,44.4,281.0,116.0,41.3,306.0,128.0,41.8,283.0,115.0,40.6,300.0,119.0,39.7
6437.0,89,30,33.7,77,29,37.7,55.0,23.0,41.8,73.0,29.0,39.7,73.0,31.0,42.5,66.0,21.0,31.8,59.0,12.0,20.3
6438.0,319,153,48.0,430,223,51.9,347.0,179.0,51.6,371.0,183.0,49.3,373.0,168.0,45.0,425.0,204.0,48.0,417.0,191.0,45.8
6439.0,137,64,46.7,144,42,29.2,142.0,58.0,40.8,138.0,43.0,31.2,176.0,66.0,37.5,114.0,36.0,31.6,146.0,51.0,34.9
6440.0,253,98,38.7,267,109,40.8,323.0,145.0,44.9,316.0,137.0,43.4,319.0,142.0,44.5,284.0,104.0,36.6,331.0,86.0,26.0
6531.0,428,193,45.1,427,203,47.5,375.0,178.0,47.5,432.0,210.0,48.6,395.0,146.0,37.0,378.0,124.0,32.8,371.0,93.0,25.1
6532.0,216,90,41.7,258,86,33.3,291.0,130.0,44.7,249.0,101.0,40.6,314.0,116.0,36.9,242.0,93.0,38.4,271.0,86.0,31.7
6533.0,152,58,38.2,168,61,36.3,179.0,88.0,49.2,214.0,103.0,48.1,214.0,76.0,35.5,214.0,74.0,34.6,202.0,56.0,27.7
6534.0,271,104,38.4,289,106,36.7,256.0,113.0,44.1,263.0,90.0,34.2,280.0,88.0,31.4,288.0,83.0,28.8,316.0,93.0,29.4
6535.0,81,12,14.8,85,23,27.1,56.0,14.0,25.0,71.0,33.0,46.5,94.0,35.0,37.2,81.0,19.0,23.5,88.0,23.0,26.1
6611.0,377,153,40.6,372,147,39.5,395.0,160.0,40.5,375.0,114.0,30.4,455.0,153.0,33.6,428.0,138.0,32.2,473.0,135.0,28.5
6631.0,223,78,35.0,192,62,32.3,231.0,78.0,33.8,189.0,66.0,34.9,228.0,65.0,28.5,263.0,60.0,22.8,244.0,45.0,18.4
6632.0,164,48,29.3,120,31,25.8,105.0,27.0,25.7,136.0,32.0,23.5,168.0,50.0,29.8,187.0,46.0,24.6,190.0,39.0,20.5
6633.0,153,42,27.5,166,51,30.7,175.0,68.0,38.9,170.0,44.0,25.9,175.0,52.0,29.7,200.0,59.0,29.5,173.0,34.0,19.7
6634.0,154,41,26.6,169,43,25.4,162.0,35.0,21.6,148.0,40.0,27.0,163.0,40.0,24.5,197.0,49.0,24.9,198.0,56.0,28.3
6635.0,115,39,33.9,122,31,25.4,137.0,60.0,43.8,97.0,17.0,17.5,146.0,44.0,30.1,115.0,28.0,24.3,157.0,27.0,17.2
6636.0,154,52,33.8,107,28,26.2,132.0,43.0,32.6,120.0,35.0,29.2,126.0,24.0,19.0,145.0,34.0,23.4,169.0,33.0,19.5
7111.0,293,105,35.8,278,92,33.1,327.0,115.0,35.2,279.0,92.0,33.0,234.0,73.0,31.2,275.0,71.0,25.8,243.0,66.0,27.2
7131.0,202,59,29.2,252,71,28.2,197.0,46.0,23.4,196.0,67.0,34.2,225.0,73.0,32.4,229.0,62.0,27.1,261.0,44.0,16.9
7132.0,206,44,21.4,231,66,28.6,229.0,68.0,29.7,238.0,60.0,25.2,280.0,80.0,28.6,253.0,44.0,17.4,268.0,46.0,17.2
7133.0,227,72,31.7,271,83,30.6,256.0,85.0,33.2,254.0,64.0,25.2,285.0,68.0,23.9,233.0,57.0,24.5,260.0,44.0,16.9
7134.0,108,27,25.0,156,39,25.0,97.0,26.0,26.8,117.0,27.0,23.1,148.0,28.0,18.9,110.0,23.0,20.9,118.0,24.0,20.3
7135.0,64,21,32.8,78,19,24.4,60.0,16.0,26.7,62.0,24.0,38.7,64.0,21.0,32.8,66.0,21.0,31.8,98.0,24.0,24.5
7137.0,311,86,27.7,322,87,27.0,262.0,66.0,25.2,287.0,68.0,23.7,241.0,44.0,18.3,256.0,50.0,19.5,270.0,71.0,26.3
7138.0,243,64,26.3,332,114,34.3,312.0,114.0,36.5,310.0,86.0,27.7,336.0,87.0,25.9,303.0,83.0,27.4,298.0,80.0,26.8
7140.0,102,29,28.4,113,22,19.5,96.0,35.0,36.5,101.0,29.0,28.7,84.0,28.0,33.3,100.0,24.0,24.0,103.0,32.0,31.1
7141.0,156,54,34.6,165,43,26.1,176.0,65.0,36.9,139.0,49.0,35.3,152.0,38.0,25.0,182.0,56.0,30.8,162.0,37.0,22.8
7143.0,230,62,27.0,310,91,29.4,303.0,118.0,38.9,208.0,69.0,33.2,289.0,85.0,29.4,271.0,73.0,26.9,292.0,77.0,26.4
7211.0,192,70,36.5,293,114,38.9,221.0,98.0,44.3,191.0,77.0,40.3,229.0,63.0,27.5,248.0,72.0,29.0,245.0,47.0,19.2
7231.0,154,53,34.4,160,51,31.9,157.0,53.0,33.8,134.0,37.0,27.6,135.0,56.0,41.5,158.0,37.0,23.4,146.0,32.0,21.9
7232.0,97,52,53.6,69,34,49.3,86.0,41.0,47.7,101.0,45.0,44.6,86.0,37.0,43.0,78.0,30.0,38.5,83.0,23.0,27.7
7233.0,69,13,18.8,107,23,21.5,85.0,21.0,24.7,92.0,32.0,34.8,89.0,25.0,28.1,74.0,26.0,35.1,105.0,24.0,22.9
7235.0,117,59,50.4,132,35,26.5,127.0,59.0,46.5,107.0,33.0,30.8,121.0,31.0,25.6,138.0,38.0,27.5,117.0,18.0,15.4
7311.0,125,44,35.2,149,34,22.8,139.0,54.0,38.8,126.0,42.0,33.3,121.0,53.0,43.8,145.0,43.0,29.7,127.0,37.0,29.1
7312.0,307,94,30.6,369,109,29.5,337.0,94.0,27.9,383.0,100.0,26.1,349.0,103.0,29.5,349.0,77.0,22.1,334.0,80.0,24.0
7313.0,132,36,27.3,135,43,31.9,149.0,46.0,30.9,152.0,50.0,32.9,134.0,31.0,23.1,132.0,34.0,25.8,123.0,23.0,18.7
7314.0,420,168,40.0,537,226,42.1,482.0,220.0,45.6,501.0,205.0,40.9,455.0,185.0,40.7,539.0,212.0,39.3,561.0,212.0,37.8
7315.0,456,188,41.2,445,210,47.2,449.0,191.0,42.5,446.0,188.0,42.2,470.0,170.0,36.2,483.0,178.0,36.9,498.0,193.0,38.8
7316.0,122,35,28.7,132,40,30.3,116.0,41.0,35.3,92.0,33.0,35.9,94.0,24.0,25.5,120.0,28.0,23.3,117.0,21.0,17.9
7317.0,96,16,16.7,104,24,23.1,79.0,13.0,16.5,124.0,35.0,28.2,124.0,23.0,18.5,109.0,10.0,9.2,102.0,16.0,15.7
7318.0,110,45,40.9,152,70,46.1,126.0,50.0,39.7,137.0,62.0,45.3,127.0,62.0,48.8,120.0,31.0,25.8,103.0,18.0,17.5
7319.0,180,74,41.1,189,85,45.0,171.0,66.0,38.6,189.0,74.0,39.2,155.0,50.0,32.3,168.0,43.0,25.6,187.0,67.0,35.8
7320.0,85,21,24.7,90,23,25.6,62.0,23.0,37.1,60.0,25.0,41.7,78.0,12.0,15.4,65.0,13.0,20.0,55.0,14.0,25.5
7331.0,114,47,41.2,99,34,34.3,143.0,72.0,50.3,130.0,39.0,30.0,116.0,27.0,23.3,117.0,32.0,27.4,135.0,25.0,18.5
7332.0,216,58,26.9,206,58,28.2,176.0,67.0,38.1,198.0,64.0,32.3,198.0,50.0,25.3,238.0,53.0,22.3,174.0,35.0,20.1
7333.0,100,23,23.0,123,25,20.3,117.0,33.0,28.2,120.0,21.0,17.5,113.0,24.0,21.2,89.0,25.0,28.1,113.0,13.0,11.5
7334.0,192,67,34.9,267,89,33.3,217.0,76.0,35.0,187.0,70.0,37.4,239.0,71.0,29.7,255.0,110.0,43.1,287.0,82.0,28.6
7335.0,135,45,33.3,160,49,30.6,135.0,37.0,27.4,118.0,28.0,23.7,152.0,44.0,28.9,112.0,31.0,27.7,150.0,31.0,20.7
7336.0,87,32,36.8,63,12,19.0,74.0,20.0,27.0,97.0,31.0,32.0,128.0,34.0,26.6,81.0,17.0,21.0,69.0,7.0,10.1
7337.0,160,52,32.5,168,52,31.0,138.0,36.0,26.1,136.0,32.0,23.5,129.0,19.0,14.7,143.0,36.0,25.2,149.0,21.0,14.1
7338.0,224,85,37.9,232,76,32.8,231.0,85.0,36.8,203.0,75.0,36.9,235.0,80.0,34.0,201.0,62.0,30.8,223.0,55.0,24.7
7339.0,224,63,28.1,235,90,38.3,226.0,89.0,39.4,239.0,72.0,30.1,216.0,51.0,23.6,251.0,71.0,28.3,229.0,56.0,24.5
7340.0,60,11,18.3,96,28,29.2,94.0,26.0,27.7,79.0,13.0,16.5,77.0,14.0,18.2,85.0,12.0,14.1,48.0,15.0,31.3
8111.0,1466,780,53.2,1563,872,55.8,1754.0,904.0,51.5,1718.0,832.0,48.4,1642.0,753.0,45.9,1579.0,733.0,46.4,1717.0,715.0,41.6
8115.0,409,211,51.6,414,207,50.0,451.0,215.0,47.7,438.0,223.0,50.9,419.0,200.0,47.7,388.0,168.0,43.3,416.0,182.0,43.8
8116.0,556,302,54.3,675,278,41.2,583.0,312.0,53.5,466.0,237.0,50.9,555.0,287.0,51.7,539.0,225.0,41.7,565.0,233.0,41.2
8117.0,222,77,34.7,213,97,45.5,218.0,85.0,39.0,217.0,79.0,36.4,195.0,84.0,43.1,281.0,98.0,34.9,267.0,97.0,36.3
8118.0,612,288,47.1,530,265,50.0,627.0,311.0,49.6,577.0,292.0,50.6,557.0,246.0,44.2,548.0,228.0,41.6,611.0,269.0,44.0
8119.0,440,190,43.2,461,211,45.8,477.0,220.0,46.1,554.0,259.0,46.8,476.0,217.0,45.6,426.0,192.0,45.1,508.0,193.0,38.0
8121.0,217,115,53.0,181,92,50.8,197.0,109.0,55.3,182.0,103.0,56.6,175.0,78.0,44.6,199.0,98.0,49.2,185.0,68.0,36.8
8125.0,228,111,48.7,213,99,46.5,223.0,122.0,54.7,250.0,96.0,38.4,226.0,68.0,30.1,204.0,77.0,37.7,235.0,83.0,35.3
8126.0,91,31,34.1,98,36,36.7,80.0,29.0,36.3,103.0,35.0,34.0,111.0,47.0,42.3,77.0,32.0,41.6,108.0,28.0,25.9
8127.0,138,44,31.9,119,43,36.1,157.0,51.0,32.5,194.0,62.0,32.0,167.0,59.0,35.3,212.0,59.0,27.8,161.0,45.0,28.0
8128.0,133,48,36.1,127,56,44.1,117.0,43.0,36.8,134.0,40.0,29.9,107.0,30.0,28.0,111.0,55.0,49.5,124.0,38.0,30.6
8135.0,90,27,30.0,140,42,30.0,118.0,43.0,36.4,109.0,30.0,27.5,109.0,34.0,31.2,122.0,40.0,32.8,102.0,20.0,19.6
8136.0,283,115,40.6,208,69,33.2,258.0,121.0,46.9,333.0,142.0,42.6,260.0,78.0,30.0,238.0,86.0,36.1,251.0,87.0,34.7
8211.0,69,24,34.8,75,30,40.0,76.0,33.0,43.4,73.0,38.0,52.1,79.0,34.0,43.0,82.0,34.0,41.5,101.0,38.0,37.6
8212.0,511,248,48.5,581,312,53.7,565.0,337.0,59.6,626.0,347.0,55.4,506.0,276.0,54.5,569.0,304.0,53.4,490.0,186.0,38.0
8215.0,314,135,43.0,336,151,44.9,345.0,182.0,52.8,267.0,118.0,44.2,280.0,128.0,45.7,400.0,179.0,44.8,338.0,137.0,40.5
8216.0,198,80,40.4,213,92,43.2,216.0,98.0,45.4,228.0,98.0,43.0,249.0,92.0,36.9,235.0,77.0,32.8,261.0,73.0,28.0
8221.0,334,166,49.7,327,171,52.3,298.0,164.0,55.0,297.0,143.0,48.1,239.0,121.0,50.6,236.0,70.0,29.7,249.0,97.0,39.0
8222.0,586,295,50.3,613,347,56.6,699.0,384.0,54.9,576.0,296.0,51.4,565.0,295.0,52.2,547.0,246.0,45.0,592.0,276.0,46.6
8225.0,85,32,37.6,126,47,37.3,114.0,42.0,36.8,133.0,61.0,45.9,125.0,43.0,34.4,133.0,48.0,36.1,121.0,41.0,33.9
8226.0,390,162,41.5,467,200,42.8,472.0,235.0,49.8,439.0,182.0,41.5,414.0,158.0,38.2,410.0,147.0,35.9,410.0,142.0,34.6
8231.0,205,79,38.5,208,81,38.9,189.0,87.0,46.0,265.0,137.0,51.7,228.0,105.0,46.1,183.0,74.0,40.4,156.0,74.0,47.4
8235.0,86,40,46.5,96,45,46.9,133.0,64.0,48.1,110.0,46.0,41.8,79.0,35.0,44.3,96.0,29.0,30.2,109.0,33.0,30.3
8236.0,101,34,33.7,116,60,51.7,112.0,60.0,53.6,120.0,55.0,45.8,91.0,29.0,31.9,56.0,22.0,39.3,92.0,31.0,33.7
8237.0,86,39,45.3,77,25,32.5,94.0,34.0,36.2,126.0,55.0,43.7,88.0,27.0,30.7,103.0,30.0,29.1,84.0,26.0,31.0
8311.0,551,253,45.9,529,228,43.1,640.0,318.0,49.7,649.0,300.0,46.2,580.0,223.0,38.4,592.0,228.0,38.5,623.0,198.0,31.8
8315.0,292,115,39.4,348,155,44.5,277.0,114.0,41.2,292.0,140.0,47.9,273.0,100.0,36.6,336.0,129.0,38.4,350.0,120.0,34.3
8316.0,171,65,38.0,158,59,37.3,141.0,60.0,42.6,145.0,50.0,34.5,174.0,61.0,35.1,208.0,56.0,26.9,164.0,41.0,25.0
8317.0,462,196,42.4,489,192,39.3,455.0,219.0,48.1,512.0,224.0,43.8,470.0,180.0,38.3,520.0,211.0,40.6,460.0,170.0,37.0
8325.0,71,25,35.2,100,43,43.0,92.0,29.0,31.5,133.0,50.0,37.6,102.0,42.0,41.2,127.0,57.0,44.9,138.0,51.0,37.0
8326.0,170,77,45.3,185,89,48.1,193.0,92.0,47.7,224.0,100.0,44.6,172.0,44.0,25.6,170.0,61.0,35.9,168.0,61.0,36.3
8327.0,116,50,43.1,84,39,46.4,111.0,63.0,56.8,137.0,40.0,29.2,117.0,38.0,32.5,134.0,48.0,35.8,125.0,48.0,38.4
8335.0,299,128,42.8,340,138,40.6,324.0,129.0,39.8,383.0,175.0,45.7,268.0,100.0,37.3,282.0,86.0,30.5,302.0,104.0,34.4
8336.0,364,154,42.3,329,148,45.0,350.0,135.0,38.6,359.0,161.0,44.8,362.0,136.0,37.6,340.0,148.0,43.5,456.0,170.0,37.3
8337.0,130,67,51.5,141,69,48.9,135.0,65.0,48.1,162.0,67.0,41.4,126.0,51.0,40.5,102.0,30.0,29.4,165.0,50.0,30.3
8415.0,324,145,44.8,304,137,45.1,307.0,148.0,48.2,255.0,116.0,45.5,289.0,111.0,38.4,310.0,122.0,39.4,326.0,120.0,36.8
8416.0,160,66,41.3,210,99,47.1,201.0,71.0,35.3,218.0,103.0,47.2,191.0,78.0,40.8,254.0,104.0,40.9,213.0,76.0,35.7
8417.0,158,57,36.1,160,55,34.4,150.0,54.0,36.0,168.0,69.0,41.1,131.0,30.0,22.9,157.0,42.0,26.8,155.0,37.0,23.9
8421.0,169,85,50.3,198,101,51.0,204.0,88.0,43.1,246.0,121.0,49.2,241.0,106.0,44.0,253.0,103.0,40.7,229.0,88.0,38.4
8425.0,152,54,35.5,170,95,55.9,130.0,55.0,42.3,123.0,47.0,38.2,98.0,31.0,31.6,164.0,59.0,36.0,131.0,54.0,41.2
8426.0,145,54,37.2,163,69,42.3,139.0,59.0,42.4,160.0,44.0,27.5,177.0,49.0,27.7,160.0,54.0,33.8,190.0,49.0,25.8
8435.0,187,59,31.6,209,90,43.1,178.0,66.0,37.1,194.0,70.0,36.1,161.0,57.0,35.4,243.0,80.0,32.9,235.0,70.0,29.8
8436.0,268,95,35.4,256,92,35.9,257.0,92.0,35.8,281.0,97.0,34.5,270.0,97.0,35.9,301.0,75.0,24.9,220.0,39.0,17.7
8437.0,135,51,37.8,154,86,55.8,130.0,52.0,40.0,95.0,32.0,33.7,87.0,17.0,19.5,122.0,43.0,35.2,106.0,28.0,26.4
9161.0,330,145,43.9,349,146,41.8,329.0,144.0,43.8,351.0,127.0,36.2,351.0,119.0,33.9,364.0,102.0,28.0,317.0,92.0,29.0
9162.0,2593,1369,52.8,2866,1546,53.9,2967.0,1617.0,54.5,2827.0,1481.0,52.4,3004.0,1491.0,49.6,2964.0,1437.0,48.5,3038.0,1389.0,45.7
9163.0,160,81,50.6,194,101,52.1,179.0,86.0,48.0,166.0,60.0,36.1,214.0,87.0,40.7,200.0,58.0,29.0,213.0,61.0,28.6
9171.0,134,46,34.3,146,58,39.7,148.0,45.0,30.4,144.0,40.0,27.8,188.0,46.0,24.5,141.0,29.0,20.6,151.0,45.0,29.8
9172.0,133,73,54.9,113,53,46.9,126.0,43.0,34.1,103.0,37.0,35.9,112.0,46.0,41.1,131.0,50.0,38.2,174.0,71.0,40.8
9173.0,131,51,38.9,144,60,41.7,130.0,48.0,36.9,108.0,31.0,28.7,96.0,24.0,25.0,134.0,44.0,32.8,134.0,43.0,32.1
9174.0,123,64,52.0,164,85,51.8,164.0,80.0,48.8,155.0,70.0,45.2,174.0,64.0,36.8,172.0,58.0,33.7,138.0,53.0,38.4
9175.0,138,55,39.9,148,73,49.3,175.0,97.0,55.4,118.0,45.0,38.1,129.0,42.0,32.6,85.0,31.0,36.5,121.0,33.0,27.3
9176.0,97,47,48.5,108,47,43.5,125.0,53.0,42.4,118.0,54.0,45.8,111.0,41.0,36.9,78.0,17.0,21.8,83.0,15.0,18.1
9177.0,146,76,52.1,204,109,53.4,216.0,114.0,52.8,183.0,68.0,37.2,167.0,47.0,28.1,174.0,61.0,35.1,167.0,67.0,40.1
9178.0,176,75,42.6,233,121,51.9,241.0,113.0,46.9,205.0,85.0,41.5,193.0,67.0,34.7,210.0,59.0,28.1,194.0,62.0,32.0
9179.0,290,149,51.4,282,122,43.3,303.0,144.0,47.5,212.0,77.0,36.3,196.0,59.0,30.1,234.0,83.0,35.5,196.0,64.0,32.7
9180.0,130,45,34.6,98,45,45.9,119.0,47.0,39.5,108.0,41.0,38.0,85.0,29.0,34.1,101.0,38.0,37.6,95.0,32.0,33.7
9181.0,119,50,42.0,165,73,44.2,132.0,53.0,40.2,141.0,45.0,31.9,145.0,47.0,32.4,139.0,34.0,24.5,144.0,30.0,20.8
9182.0,108,33,30.6,130,52,40.0,127.0,49.0,38.6,85.0,29.0,34.1,82.0,23.0,28.0,99.0,35.0,35.4,97.0,15.0,15.5
9183.0,125,57,45.6,123,49,39.8,139.0,66.0,47.5,88.0,24.0,27.3,127.0,35.0,27.6,138.0,44.0,31.9,143.0,28.0,19.6
9184.0,409,190,46.5,353,159,45.0,367.0,175.0,47.7,406.0,176.0,43.3,351.0,157.0,44.7,320.0,126.0,39.4,359.0,144.0,40.1
9185.0,103,34,33.0,107,45,42.1,131.0,54.0,41.2,142.0,46.0,32.4,124.0,39.0,31.5,140.0,40.0,28.6,138.0,42.0,30.4
9186.0,138,53,38.4,139,52,37.4,174.0,67.0,38.5,134.0,44.0,32.8,158.0,51.0,32.3,193.0,54.0,28.0,171.0,43.0,25.1
9187.0,282,100,35.5,259,99,38.2,249.0,73.0,29.3,271.0,72.0,26.6,309.0,78.0,25.2,331.0,100.0,30.2,314.0,90.0,28.7
9188.0,156,64,41.0,154,63,40.9,145.0,59.0,40.7,147.0,73.0,49.7,128.0,49.0,38.3,116.0,30.0,25.9,123.0,43.0,35.0
9189.0,188,60,31.9,192,75,39.1,218.0,68.0,31.2,209.0,62.0,29.7,209.0,49.0,23.4,220.0,51.0,23.2,195.0,55.0,28.2
9190.0,164,61,37.2,190,68,35.8,158.0,52.0,32.9,166.0,66.0,39.8,123.0,33.0,26.8,177.0,64.0,36.2,146.0,24.0,16.4
9261.0,198,76,38.4,222,70,31.5,268.0,84.0,31.3,240.0,89.0,37.1,258.0,73.0,28.3,272.0,80.0,29.4,216.0,55.0,25.5
9262.0,96,33,34.4,108,36,33.3,126.0,45.0,35.7,121.0,49.0,40.5,136.0,42.0,30.9,114.0,34.0,29.8,134.0,36.0,26.9
9263.0,126,35,27.8,135,53,39.3,109.0,29.0,26.6,133.0,34.0,25.6,132.0,30.0,22.7,146.0,32.0,21.9,111.0,23.0,20.7
9271.0,155,45,29.0,181,52,28.7,198.0,59.0,29.8,176.0,49.0,27.8,201.0,56.0,27.9,213.0,38.0,17.8,227.0,34.0,15.0
9272.0,58,17,29.3,66,13,19.7,70.0,16.0,22.9,77.0,15.0,19.5,72.0,19.0,26.4,84.0,8.0,9.5,65.0,8.0,12.3
9273.0,134,46,34.3,167,66,39.5,164.0,51.0,31.1,153.0,42.0,27.5,142.0,39.0,27.5,149.0,25.0,16.8,173.0,32.0,18.5
9274.0,132,38,28.8,144,48,33.3,161.0,62.0,38.5,160.0,46.0,28.8,173.0,47.0,27.2,194.0,47.0,24.2,168.0,47.0,28.0
9275.0,153,42,27.5,147,42,28.6,172.0,41.0,23.8,157.0,47.0,29.9,154.0,35.0,22.7,170.0,32.0,18.8,203.0,39.0,19.2
9276.0,72,15,20.8,88,23,26.1,83.0,17.0,20.5,65.0,16.0,24.6,70.0,10.0,14.3,97.0,24.0,24.7,76.0,6.0,7.9
9277.0,123,38,30.9,122,28,23.0,132.0,29.0,22.0,126.0,46.0,36.5,117.0,35.0,29.9,149.0,25.0,16.8,105.0,21.0,20.0
9278.0,73,36,49.3,63,28,44.4,79.0,24.0,30.4,94.0,20.0,21.3,78.0,31.0,39.7,98.0,22.0,22.4,98.0,18.0,18.4
9279.0,83,41,49.4,110,45,40.9,90.0,24.0,26.7,95.0,31.0,32.6,73.0,23.0,31.5,82.0,14.0,17.1,65.0,18.0,27.7
9361.0,79,21,26.6,123,28,22.8,109.0,35.0,32.1,105.0,34.0,32.4,97.0,35.0,36.1,84.0,23.0,27.4,86.0,14.0,16.3
9362.0,329,150,45.6,356,140,39.3,349.0,133.0,38.1,362.0,134.0,37.0,389.0,112.0,28.8,419.0,90.0,21.5,368.0,108.0,29.3
9363.0,117,34,29.1,135,53,39.3,132.0,30.0,22.7,109.0,28.0,25.7,141.0,36.0,25.5,143.0,27.0,18.9,127.0,20.0,15.7
9371.0,90,21,23.3,104,42,40.4,91.0,21.0,23.1,88.0,17.0,19.3,106.0,22.0,20.8,73.0,15.0,20.5,113.0,24.0,21.2
9372.0,108,25,23.1,126,38,30.2,112.0,18.0,16.1,112.0,36.0,32.1,119.0,22.0,18.5,151.0,30.0,19.9,136.0,24.0,17.6
9373.0,136,48,35.3,101,41,40.6,98.0,26.0,26.5,131.0,34.0,26.0,120.0,33.0,27.5,102.0,27.0,26.5,100.0,23.0,23.0
9374.0,79,21,26.6,99,44,44.4,117.0,42.0,35.9,74.0,37.0,50.0,80.0,23.0,28.8,86.0,32.0,37.2,65.0,27.0,41.5
9375.0,144,43,29.9,132,36,27.3,168.0,47.0,28.0,138.0,40.0,29.0,181.0,43.0,23.8,166.0,39.0,23.5,159.0,34.0,21.4
9376.0,198,70,35.4,174,48,27.6,152.0,50.0,32.9,159.0,47.0,29.6,168.0,47.0,28.0,177.0,33.0,18.6,169.0,35.0,20.7
9377.0,56,18,32.1,70,26,37.1,71.0,32.0,45.1,57.0,15.0,26.3,74.0,23.0,31.1,96.0,29.0,30.2,72.0,15.0,20.8
9461.0,272,133,48.9,294,152,51.7,230.0,81.0,35.2,193.0,46.0,23.8,232.0,51.0,22.0,237.0,56.0,23.6,222.0,42.0,18.9
9462.0,160,46,28.8,145,45,31.0,181.0,52.0,28.7,155.0,55.0,35.5,178.0,43.0,24.2,173.0,38.0,22.0,195.0,60.0,30.8
9463.0,136,36,26.5,121,41,33.9,140.0,27.0,19.3,137.0,28.0,20.4,166.0,39.0,23.5,183.0,26.0,14.2,132.0,31.0,23.5
9464.0,147,47,32.0,142,55,38.7,141.0,43.0,30.5,163.0,65.0,39.9,173.0,43.0,24.9,178.0,53.0,29.8,169.0,39.0,23.1
9471.0,165,44,26.7,180,59,32.8,147.0,41.0,27.9,134.0,38.0,28.4,134.0,31.0,23.1,126.0,16.0,12.7,168.0,37.0,22.0
9472.0,77,28,36.4,82,28,34.1,113.0,44.0,38.9,109.0,42.0,38.5,80.0,12.0,15.0,101.0,22.0,21.8,155.0,22.0,14.2
9473.0,128,31,24.2,118,26,22.0,107.0,24.0,22.4,94.0,10.0,10.6,128.0,24.0,18.8,125.0,22.0,17.6,104.0,18.0,17.3
9474.0,129,40,31.0,142,39,27.5,153.0,45.0,29.4,122.0,34.0,27.9,147.0,43.0,29.3,174.0,45.0,25.9,240.0,83.0,34.6
9475.0,99,24,24.2,99,29,29.3,117.0,28.0,23.9,95.0,16.0,16.8,134.0,29.0,21.6,136.0,32.0,23.5,170.0,41.0,24.1
9476.0,103,33,32.0,115,30,26.1,78.0,12.0,15.4,95.0,20.0,21.1,80.0,16.0,20.0,113.0,27.0,23.9,88.0,26.0,29.5
9477.0,87,23,26.4,95,13,13.7,115.0,29.0,25.2,84.0,20.0,23.8,119.0,21.0,17.6,149.0,28.0,18.8,113.0,20.0,17.7
9478.0,97,19,19.6,88,28,31.8,152.0,34.0,22.4,110.0,21.0,19.1,159.0,42.0,26.4,143.0,26.0,18.2,108.0,19.0,17.6
9479.0,76,29,38.2,102,35,34.3,93.0,30.0,32.3,122.0,29.0,23.8,151.0,48.0,31.8,85.0,18.0,21.2,123.0,25.0,20.3
9561.0,114,54,47.4,151,46,30.5,124.0,40.0,32.3,143.0,36.0,25.2,127.0,35.0,27.6,110.0,28.0,25.5,104.0,22.0,21.2
9562.0,175,73,41.7,179,66,36.9,187.0,70.0,37.4,205.0,82.0,40.0,198.0,73.0,36.9,235.0,84.0,35.7,235.0,63.0,26.8
9563.0,159,66,41.5,191,89,46.6,198.0,95.0,48.0,200.0,83.0,41.5,210.0,71.0,33.8,227.0,80.0,35.2,228.0,84.0,36.8
9564.0,1340,576,43.0,1340,596,44.5,1383.0,627.0,45.3,1350.0,591.0,43.8,1516.0,642.0,42.3,1425.0,589.0,41.3,1524.0,615.0,40.4
9565.0,49,15,30.6,57,20,35.1,45.0,17.0,37.8,69.0,30.0,43.5,64.0,13.0,20.3,58.0,17.0,29.3,58.0,13.0,22.4
9571.0,172,69,40.1,207,84,40.6,209.0,81.0,38.8,179.0,54.0,30.2,192.0,48.0,25.0,204.0,66.0,32.4,214.0,64.0,29.9
9572.0,96,28,29.2,98,26,26.5,148.0,56.0,37.8,112.0,48.0,42.9,129.0,38.0,29.5,95.0,27.0,28.4,101.0,23.0,22.8
9573.0,89,27,30.3,96,33,34.4,80.0,25.0,31.3,79.0,33.0,41.8,105.0,44.0,41.9,87.0,28.0,32.2,89.0,21.0,23.6
9574.0,174,49,28.2,169,55,32.5,235.0,93.0,39.6,183.0,69.0,37.7,203.0,59.0,29.1,238.0,55.0,23.1,209.0,43.0,20.6
9575.0,123,35,28.5,127,30,23.6,111.0,31.0,27.9,103.0,26.0,25.2,107.0,32.0,29.9,120.0,48.0,40.0,111.0,38.0,34.2
9576.0,106,37,34.9,101,41,40.6,104.0,43.0,41.3,96.0,34.0,35.4,113.0,27.0,23.9,143.0,44.0,30.8,109.0,31.0,28.4
9577.0,122,44,36.1,138,38,27.5,130.0,36.0,27.7,116.0,38.0,32.8,92.0,24.0,26.1,125.0,28.0,22.4,147.0,28.0,19.0
9661.0,168,68,40.5,177,63,35.6,176.0,62.0,35.2,211.0,84.0,39.8,184.0,53.0,28.8,200.0,75.0,37.5,244.0,108.0,44.3
9662.0,157,64,40.8,172,90,52.3,198.0,76.0,38.4,164.0,47.0,28.7,171.0,31.0,18.1,183.0,50.0,27.3,235.0,54.0,23.0
9663.0,292,98,33.6,277,102,36.8,324.0,125.0,38.6,296.0,107.0,36.1,280.0,105.0,37.5,265.0,90.0,34.0,237.0,79.0,33.3
9671.0,157,49,31.2,197,80,40.6,146.0,49.0,33.6,198.0,76.0,38.4,156.0,53.0,34.0,177.0,67.0,37.9,174.0,43.0,24.7
9672.0,126,29,23.0,159,28,17.6,170.0,30.0,17.6,119.0,23.0,19.3,133.0,29.0,21.8,157.0,28.0,17.8,135.0,23.0,17.0
9673.0,121,23,19.0,92,21,22.8,100.0,21.0,21.0,121.0,23.0,19.0,101.0,12.0,11.9,110.0,16.0,14.5,125.0,13.0,10.4
9674.0,89,13,14.6,112,17,15.2,111.0,18.0,16.2,111.0,12.0,10.8,94.0,13.0,13.8,115.0,15.0,13.0,102.0,30.0,29.4
9675.0,101,39,38.6,111,45,40.5,88.0,34.0,38.6,96.0,46.0,47.9,76.0,14.0,18.4,80.0,16.0,20.0,79.0,10.0,12.7
9676.0,149,39,26.2,147,47,32.0,153.0,43.0,28.1,170.0,59.0,34.7,165.0,68.0,41.2,191.0,44.0,23.0,173.0,47.0,27.2
9677.0,132,44,33.3,130,29,22.3,122.0,49.0,40.2,151.0,36.0,23.8,153.0,38.0,24.8,109.0,33.0,30.3,135.0,38.0,28.1
9678.0,85,18,21.2,85,21,24.7,117.0,25.0,21.4,103.0,24.0,23.3,99.0,25.0,25.3,114.0,16.0,14.0,125.0,23.0,18.4
9679.0,123,32,26.0,119,44,37.0,103.0,36.0,35.0,92.0,29.0,31.5,119.0,44.0,37.0,117.0,33.0,28.2,147.0,39.0,26.5
9761.0,720,306,42.5,750,298,39.7,825.0,316.0,38.3,783.0,322.0,41.1,769.0,235.0,30.6,833.0,259.0,31.1,813.0,272.0,33.5
9762.0,99,26,26.3,115,33,28.7,104.0,30.0,28.8,118.0,28.0,23.7,110.0,23.0,20.9,92.0,23.0,25.0,105.0,12.0,11.4
9763.0,161,66,41.0,166,61,36.7,169.0,45.0,26.6,175.0,49.0,28.0,160.0,51.0,31.9,174.0,39.0,22.4,169.0,40.0,23.7
9764.0,73,24,32.9,97,26,26.8,119.0,32.0,26.9,86.0,25.0,29.1,90.0,27.0,30.0,96.0,17.0,17.7,102.0,20.0,19.6
9771.0,122,36,29.5,105,44,41.9,144.0,43.0,29.9,133.0,39.0,29.3,117.0,32.0,27.4,119.0,33.0,27.7,109.0,24.0,22.0
9772.0,246,83,33.7,224,79,35.3,287.0,115.0,40.1,251.0,93.0,37.1,282.0,93.0,33.0,266.0,80.0,30.1,230.0,48.0,20.9
9773.0,108,38,35.2,119,22,18.5,103.0,38.0,36.9,123.0,34.0,27.6,101.0,23.0,22.8,93.0,22.0,23.7,117.0,13.0,11.1
9774.0,185,72,38.9,186,76,40.9,183.0,84.0,45.9,151.0,38.0,25.2,174.0,45.0,25.9,163.0,52.0,31.9,151.0,34.0,22.5
9775.0,318,130,40.9,329,132,40.1,322.0,120.0,37.3,292.0,118.0,40.4,310.0,99.0,31.9,266.0,91.0,34.2,272.0,82.0,30.1
9776.0,110,46,41.8,117,57,48.7,116.0,59.0,50.9,84.0,32.0,38.1,85.0,23.0,27.1,104.0,43.0,41.3,112.0,38.0,33.9
9777.0,132,41,31.1,167,52,31.1,139.0,48.0,34.5,123.0,32.0,26.0,126.0,36.0,28.6,134.0,27.0,20.1,161.0,42.0,26.1
9778.0,134,35,26.1,139,56,40.3,137.0,46.0,33.6,136.0,32.0,23.5,113.0,36.0,31.9,136.0,26.0,19.1,114.0,19.0,16.7
9779.0,139,60,43.2,164,80,48.8,162.0,66.0,40.7,114.0,40.0,35.1,165.0,51.0,30.9,154.0,34.0,22.1,121.0,36.0,29.8
9780.0,169,42,24.9,189,66,34.9,161.0,50.0,31.1,179.0,52.0,29.1,182.0,41.0,22.5,180.0,36.0,20.0,201.0,37.0,18.4
10041.0,854,318,37.2,944,366,38.8,942.0,382.0,40.6,892.0,314.0,35.2,837.0,302.0,36.1,819.0,290.0,35.4,909.0,245.0,27.0
10042.0,129,42,32.6,144,45,31.3,135.0,42.0,31.1,150.0,42.0,28.0,144.0,46.0,31.9,146.0,57.0,39.0,104.0,18.0,17.3
10043.0,205,60,29.3,235,56,23.8,208.0,61.0,29.3,179.0,42.0,23.5,180.0,46.0,25.6,239.0,66.0,27.6,263.0,62.0,23.6
10044.0,356,137,38.5,341,115,33.7,380.0,140.0,36.8,331.0,93.0,28.1,343.0,117.0,34.1,374.0,164.0,43.9,396.0,113.0,28.5
10045.0,222,58,26.1,238,67,28.2,230.0,69.0,30.0,188.0,59.0,31.4,227.0,76.0,33.5,228.0,84.0,36.8,225.0,74.0,32.9
10046.0,80,21,26.3,93,23,24.7,72.0,17.0,23.6,74.0,20.0,27.0,83.0,19.0,22.9,82.0,19.0,23.2,60.0,13.0,21.7
11000.0,10122,4876,48.2,10350,5052,48.8,10944.0,5612.0,51.3,10496.0,4832.0,46.0,10727.0,4567.0,42.6,10702.0,4403.0,41.1,10535.0,4197.0,39.8
12051.0,86,21,24.4,110,41,37.3,121.0,31.0,25.6,95.0,16.0,16.8,80.0,7.0,8.8,104.0,16.0,15.4,79.0,18.0,22.8
12052.0,194,48,24.7,177,37,20.9,208.0,42.0,20.2,194.0,47.0,24.2,213.0,42.0,19.7,175.0,37.0,21.1,190.0,29.0,15.3
12053.0,87,38,43.7,96,48,50.0,92.0,42.0,45.7,108.0,55.0,50.9,109.0,53.0,48.6,111.0,41.0,36.9,143.0,40.0,28.0
12054.0,291,89,30.6,264,89,33.7,270.0,101.0,37.4,220.0,79.0,35.9,261.0,105.0,40.2,268.0,69.0,25.7,288.0,95.0,33.0
12060.0,228,48,21.1,264,88,33.3,270.0,88.0,32.6,249.0,70.0,28.1,282.0,86.0,30.5,303.0,59.0,19.5,319.0,69.0,21.6
12061.0,260,112,43.1,241,102,42.3,188.0,73.0,38.8,267.0,71.0,26.6,257.0,88.0,34.2,207.0,58.0,28.0,203.0,59.0,29.1
12062.0,109,32,29.4,104,11,10.6,120.0,22.0,18.3,126.0,14.0,11.1,141.0,21.0,14.9,140.0,10.0,7.1,162.0,16.0,9.9
12063.0,208,43,20.7,215,70,32.6,249.0,80.0,32.1,196.0,36.0,18.4,204.0,39.0,19.1,220.0,21.0,9.5,208.0,32.0,15.4
12064.0,276,80,29.0,280,97,34.6,286.0,74.0,25.9,275.0,70.0,25.5,315.0,90.0,28.6,239.0,46.0,19.2,271.0,49.0,18.1
12065.0,304,81,26.6,288,85,29.5,269.0,85.0,31.6,246.0,72.0,29.3,368.0,90.0,24.5,324.0,51.0,15.7,310.0,44.0,14.2
12066.0,128,25,19.5,134,19,14.2,133.0,26.0,19.5,158.0,29.0,18.4,185.0,42.0,22.7,163.0,25.0,15.3,171.0,22.0,12.9
12067.0,203,78,38.4,242,100,41.3,187.0,72.0,38.5,202.0,62.0,30.7,240.0,98.0,40.8,155.0,38.0,24.5,169.0,34.0,20.1
12068.0,200,49,24.5,219,44,20.1,213.0,41.0,19.2,176.0,27.0,15.3,197.0,28.0,14.2,215.0,31.0,14.4,215.0,25.0,11.6
12069.0,195,66,33.8,269,122,45.4,227.0,102.0,44.9,192.0,60.0,31.3,194.0,66.0,34.0,196.0,43.0,21.9,234.0,54.0,23.1
12070.0,123,23,18.7,168,40,23.8,96.0,16.0,16.7,101.0,8.0,7.9,140.0,17.0,12.1,115.0,10.0,8.7,111.0,5.0,4.5
12071.0,131,29,22.1,146,46,31.5,212.0,59.0,27.8,166.0,60.0,36.1,191.0,75.0,39.3,144.0,43.0,29.9,158.0,44.0,27.8
12072.0,298,109,36.6,295,106,35.9,240.0,81.0,33.8,247.0,76.0,30.8,236.0,64.0,27.1,213.0,48.0,22.5,197.0,35.0,17.8
12073.0,203,50,24.6,198,47,23.7,206.0,61.0,29.6,184.0,56.0,30.4,216.0,61.0,28.2,224.0,40.0,17.9,234.0,50.0,21.4
13003.0,366,84,23.0,381,82,21.5,319.0,57.0,17.9,320.0,62.0,19.4,317.0,55.0,17.4,313.0,38.0,12.1,301.0,52.0,17.3
13004.0,502,192,38.2,347,118,34.0,226.0,91.0,40.3,200.0,30.0,15.0,148.0,21.0,14.2,171.0,16.0,9.4,262.0,21.0,8.0
13071.0,320,56,17.5,374,62,16.6,340.0,46.0,13.5,314.0,30.0,9.6,366.0,53.0,14.5,335.0,48.0,14.3,399.0,34.0,8.5
13072.0,208,44,21.2,235,33,14.0,265.0,29.0,10.9,277.0,29.0,10.5,310.0,36.0,11.6,278.0,30.0,10.8,342.0,28.0,8.2
13073.0,376,58,15.4,393,64,16.3,397.0,63.0,15.9,350.0,47.0,13.4,379.0,48.0,12.7,393.0,26.0,6.6,405.0,49.0,12.1
13074.0,207,27,13.0,198,25,12.6,211.0,19.0,9.0,187.0,26.0,13.9,188.0,17.0,9.0,164.0,16.0,9.8,167.0,3.0,1.8
13075.0,334,59,17.7,332,58,17.5,402.0,85.0,21.1,393.0,94.0,23.9,439.0,81.0,18.5,389.0,66.0,17.0,434.0,81.0,18.7
13076.0,246,69,28.0,271,66,24.4,242.0,43.0,17.8,271.0,47.0,17.3,249.0,35.0,14.1,243.0,37.0,15.2,298.0,30.0,10.1
14511.0,404,129,31.9,394,112,28.4,441.0,144.0,32.7,420.0,147.0,35.0,451.0,141.0,31.3,466.0,103.0,22.1,434.0,74.0,17.1
14521.0,239,62,25.9,311,78,25.1,290.0,74.0,25.5,282.0,59.0,20.9,319.0,52.0,16.3,290.0,37.0,12.8,334.0,24.0,7.2
14522.0,311,52,16.7,294,68,23.1,286.0,81.0,28.3,303.0,80.0,26.4,339.0,49.0,14.5,338.0,33.0,9.8,372.0,36.0,9.7
14523.0,236,69,29.2,262,58,22.1,254.0,72.0,28.3,223.0,39.0,17.5,238.0,26.0,10.9,273.0,27.0,9.9,238.0,28.0,11.8
14524.0,287,57,19.9,269,59,21.9,285.0,61.0,21.4,331.0,53.0,16.0,321.0,69.0,21.5,341.0,40.0,11.7,349.0,29.0,8.3
14612.0,1009,402,39.8,1104,374,33.9,1072.0,395.0,36.8,1100.0,298.0,27.1,1192.0,251.0,21.1,1323.0,201.0,15.2,1074.0,168.0,15.6
14625.0,398,113,28.4,377,94,24.9,322.0,69.0,21.4,320.0,68.0,21.3,348.0,61.0,17.5,415.0,51.0,12.3,479.0,74.0,15.4
14626.0,479,187,39.0,489,180,36.8,554.0,225.0,40.6,540.0,221.0,40.9,559.0,161.0,28.8,555.0,157.0,28.3,662.0,187.0,28.2
14627.0,274,64,23.4,333,77,23.1,237.0,59.0,24.9,279.0,53.0,19.0,353.0,49.0,13.9,343.0,33.0,9.6,460.0,57.0,12.4
14628.0,268,81,30.2,302,69,22.8,255.0,79.0,31.0,366.0,105.0,28.7,314.0,62.0,19.7,380.0,95.0,25.0,498.0,78.0,15.7
14713.0,931,306,32.9,1054,347,32.9,1214.0,398.0,32.8,1058.0,245.0,23.2,1148.0,226.0,19.7,1102.0,184.0,16.7,1254.0,201.0,16.0
14729.0,270,49,18.1,297,64,21.5,325.0,60.0,18.5,322.0,61.0,18.9,345.0,61.0,17.7,324.0,20.0,6.2,381.0,33.0,8.7
14730.0,254,70,27.6,233,58,24.9,235.0,40.0,17.0,219.0,45.0,20.5,220.0,28.0,12.7,190.0,18.0,9.5,234.0,20.0,8.5
15001.0,189,48,25.4,207,38,18.4,244.0,51.0,20.9,221.0,19.0,8.6,258.0,21.0,8.1,258.0,22.0,8.5,285.0,36.0,12.6
15002.0,672,207,30.8,640,184,28.8,681.0,201.0,29.5,801.0,197.0,24.6,667.0,119.0,17.8,642.0,91.0,14.2,629.0,65.0,10.3
15003.0,505,116,23.0,516,109,21.1,531.0,107.0,20.2,515.0,88.0,17.1,547.0,77.0,14.1,590.0,79.0,13.4,534.0,59.0,11.0
15081.0,114,13,11.4,132,17,12.9,125.0,14.0,11.2,125.0,12.0,9.6,117.0,5.0,4.3,139.0,14.0,10.1,163.0,9.0,5.5
15082.0,289,55,19.0,258,36,14.0,308.0,29.0,9.4,343.0,30.0,8.7,333.0,37.0,11.1,385.0,40.0,10.4,390.0,34.0,8.7
15083.0,202,23,11.4,228,37,16.2,266.0,38.0,14.3,239.0,33.0,13.8,344.0,35.0,10.2,383.0,50.0,13.1,323.0,21.0,6.5
15084.0,306,45,14.7,394,75,19.0,379.0,77.0,20.3,381.0,56.0,14.7,357.0,55.0,15.4,355.0,31.0,8.7,403.0,35.0,8.7
15085.0,320,23,7.2,283,22,7.8,360.0,30.0,8.3,291.0,18.0,6.2,351.0,22.0,6.3,387.0,21.0,5.4,389.0,11.0,2.8
15086.0,144,19,13.2,154,20,13.0,226.0,34.0,15.0,182.0,33.0,18.1,147.0,15.0,10.2,157.0,24.0,15.3,212.0,14.0,6.6
15087.0,243,49,20.2,275,41,14.9,306.0,45.0,14.7,231.0,28.0,12.1,275.0,41.0,14.9,267.0,30.0,11.2,311.0,28.0,9.0
15088.0,282,55,19.5,333,77,23.1,398.0,92.0,23.1,371.0,66.0,17.8,363.0,78.0,21.5,374.0,54.0,14.4,352.0,37.0,10.5
15089.0,251,17,6.8,288,24,8.3,277.0,27.0,9.7,307.0,34.0,11.1,296.0,21.0,7.1,338.0,31.0,9.2,365.0,24.0,6.6
15090.0,186,17,9.1,208,22,10.6,190.0,40.0,21.1,164.0,24.0,14.6,215.0,13.0,6.0,223.0,7.0,3.1,241.0,14.0,5.8
15091.0,200,27,13.5,180,29,16.1,207.0,35.0,16.9,249.0,36.0,14.5,258.0,25.0,9.7,233.0,21.0,9.0,259.0,32.0,12.4
16051.0,627,150,23.9,603,136,22.6,534.0,114.0,21.3,378.0,69.0,18.3,324.0,49.0,15.1,338.0,44.0,13.0,309.0,40.0,12.9
16052.0,255,65,25.5,248,49,19.8,296.0,52.0,17.6,179.0,31.0,17.3,204.0,17.0,8.3,178.0,13.0,7.3,146.0,15.0,10.3
16053.0,205,55,26.8,166,41,24.7,151.0,32.0,21.2,147.0,39.0,26.5,130.0,29.0,22.3,160.0,25.0,15.6,121.0,15.0,12.4
16054.0,75,36,48.0,65,17,26.2,44.0,14.0,31.8,59.0,20.0,33.9,78.0,11.0,14.1,55.0,3.0,5.5,46.0,3.0,6.5
16055.0,140,35,25.0,168,26,15.5,150.0,25.0,16.7,101.0,25.0,24.8,113.0,14.0,12.4,152.0,18.0,11.8,122.0,15.0,12.3
16056.0,114,18,15.8,118,23,19.5,105.0,20.0,19.0,72.0,13.0,18.1,82.0,21.0,25.6,53.0,7.0,13.2,53.0,9.0,17.0
16061.0,99,20,20.2,145,31,21.4,109.0,25.0,22.9,102.0,19.0,18.6,74.0,15.0,20.3,74.0,5.0,6.8,86.0,6.0,7.0
16062.0,139,25,18.0,151,33,21.9,154.0,19.0,12.3,153.0,21.0,13.7,140.0,20.0,14.3,169.0,7.0,4.1,130.0,8.0,6.2
16063.0,108,30,27.8,118,26,22.0,117.0,21.0,17.9,127.0,23.0,18.1,100.0,10.0,10.0,104.0,10.0,9.6,88.0,4.0,4.5
16064.0,171,18,10.5,202,36,17.8,108.0,11.0,10.2,7.0,0.0,0.0,47.0,1.0,2.1,80.0,6.0,7.5,96.0,11.0,11.5
16065.0,161,23,14.3,193,39,20.2,163.0,26.0,16.0,84.0,8.0,9.5,76.0,4.0,5.3,89.0,3.0,3.4,89.0,16.0,18.0
16066.0,192,29,15.1,173,17,9.8,172.0,31.0,18.0,143.0,16.0,11.2,135.0,19.0,14.1,157.0,7.0,4.5,110.0,8.0,7.3
16067.0,178,37,20.8,182,45,24.7,189.0,40.0,21.2,155.0,29.0,18.7,112.0,20.0,17.9,105.0,11.0,10.5,106.0,9.0,8.5
16068.0,90,11,12.2,117,14,12.0,115.0,26.0,22.6,78.0,7.0,9.0,63.0,3.0,4.8,64.0,4.0,6.3,62.0,1.0,1.6
16069.0,91,21,23.1,75,10,13.3,93.0,7.0,7.5,67.0,3.0,4.5,96.0,32.0,33.3,64.0,6.0,9.4,68.0,6.0,8.8
16070.0,121,12,9.9,136,14,10.3,166.0,23.0,13.9,146.0,28.0,19.2,110.0,13.0,11.8,132.0,9.0,6.8,88.0,10.0,11.4
16071.0,142,23,16.2,104,22,21.2,117.0,19.0,16.2,73.0,8.0,11.0,105.0,14.0,13.3,126.0,15.0,11.9,103.0,10.0,9.7
16072.0,86,16,18.6,111,19,17.1,102.0,22.0,21.6,67.0,13.0,19.4,64.0,0.0,0.0,25.0,14.0,56.0,28.0,5.0,17.9
16073.0,237,44,18.6,191,21,11.0,173.0,23.0,13.3,158.0,18.0,11.4,184.0,11.0,6.0,63.0,2.0,3.2,88.0,4.0,4.5
16074.0,90,8,8.9,114,12,10.5,95.0,22.0,23.2,84.0,26.0,31.0,79.0,11.0,13.9,89.0,8.0,9.0,101.0,8.0,7.9
16075.0,130,32,24.6,142,20,14.1,120.0,27.0,22.5,85.0,22.0,25.9,106.0,14.0,13.2,50.0,0.0,0.0,77.0,12.0,15.6
16076.0,138,35,25.4,140,38,27.1,140.0,20.0,14.3,114.0,23.0,20.2,121.0,6.0,5.0,132.0,15.0,11.4,93.0,3.0,3.2
16077.0,206,25,12.1,163,22,13.5,169.0,44.0,26.0,172.0,27.0,15.7,176.0,13.0,7.4,178.0,19.0,10.7,135.0,10.0,7.4
